{
  "camera" : {
    "name" : "stickerCam",
    "scene" : "../../../shared/cam.scnz"
  },
  "emoji" : "🤬",
  "identifier" : "face_with_symbols_over_mouth",
  "options" : {
    "duration" : 1
  },
  "physicsState" : {
    "octopus" : {
      "L_tentacleA_DYN" : {
        "offset" : [
          -1.6385354995727539,
          -0.0010170936584472656,
          -0.0034670829772949219
        ]
      },
      "L_tentacleB_DYN" : {
        "offset" : [
          -1.6503829956054688,
          7.82012939453125e-05,
          -0.00020360946655273438
        ]
      },
      "L_tentacleC_DYN" : {
        "offset" : [
          -1.6428031921386719,
          5.7220458984375e-06,
          0.00098276138305664062
        ]
      },
      "L_tentacleD_DYN" : {
        "offset" : [
          -1.6465902328491211,
          -0.0014986991882324219,
          0.0027196407318115234
        ]
      },
      "R_tentacleA_DYN" : {
        "offset" : [
          1.6385345458984375,
          0.0010156631469726562,
          0.0034656524658203125
        ]
      },
      "R_tentacleB_DYN" : {
        "offset" : [
          1.6503772735595703,
          -8.1539154052734375e-05,
          0.00020623207092285156
        ]
      },
      "R_tentacleC_DYN" : {
        "offset" : [
          1.6427984237670898,
          -8.106231689453125e-06,
          -0.0009860992431640625
        ]
      },
      "R_tentacleD_DYN" : {
        "offset" : [
          1.6465845108032227,
          0.0014958381652832031,
          -0.0027179718017578125
        ]
      },
      "tongue_DYN" : {
        "offset" : [
          -2.2204460492503131e-16,
          0.496551513671875,
          -4.76837158203125e-07
        ]
      }
    }
  },
  "pose" : {
    "bakedAnimationBlendFactor" : 0,
    "browDown_L" : 0.8796423077583313,
    "browDown_R" : 1,
    "cheekSquint_L" : 0.41597795486450195,
    "cheekSquint_R" : 0.53718996047973633,
    "eyeSquint_L" : 0.29752069711685181,
    "eyeSquint_R" : 0.4683193564414978,
    "eyeWide_L" : 0.27846214175224304,
    "eyeWide_R" : 0.39345136284828186,
    "mouthFrown_L" : 0.53994488716125488,
    "mouthFrown_R" : 0.37190082669258118,
    "mouthPress_L" : 0.69145995378494263,
    "mouthPress_R" : 0.5316804051399231,
    "mouthRight" : 0.14600552618503571,
    "mouthShrugLower" : 0.36914587020874023,
    "mouthShrugUpper" : 0.36914604902267456,
    "mouthStretch_L" : 0.38016536831855774,
    "mouthStretch_R" : 0.42148759961128235,
    "mouthUpperUp_L" : 0.057851243764162064,
    "mouthUpperUp_R" : 0.32506868243217468,
    "neckOrientation" : [
      0,
      0,
      0,
      1
    ],
    "neckPosition" : [
      0,
      0,
      0
    ],
    "noseSneer_L" : 0.88297969102859497,
    "noseSneer_R" : 1
  },
  "props" : [
    {
      "image" : "../../../shared/face_with_symbols_over_mouth/symbols.heic",
      "position" : 30,
      "scale" : 0.69999999999999996
    }
  ]
}