{
  "camera" : {
    "name" : "stickerCam",
    "scene" : "../../../shared/cam.scnz"
  },
  "emoji" : "😴",
  "identifier" : "sleeping_face",
  "options" : {
    "duration" : 1
  },
  "physicsState" : {
    "dragon" : {
      "L_mustache_DYN" : {
        "offset" : [
          -0.35255336761474609,
          0.00022029876708984375,
          -0.00042819976806640625
        ]
      },
      "L_upperTendrils_DYN" : {
        "offset" : [
          -0.493377685546875,
          0.00019884109497070312,
          0.00077867507934570312
        ]
      },
      "R_mustache_DYN" : {
        "offset" : [
          0.3525538444519043,
          -0.00021839141845703125,
          0.00042438507080078125
        ]
      },
      "R_upperTendrils_DYN" : {
        "offset" : [
          0.49337387084960938,
          -0.00019598007202148438,
          -0.00078058242797851562
        ]
      }
    }
  },
  "pose" : {
    "bakedAnimationBlendFactor" : 0,
    "eyeBlink_L" : 1,
    "eyeBlink_R" : 1,
    "jawOpen" : 0.20185458660125732,
    "mouthSmile_L" : 0.19559231400489807,
    "mouthSmile_R" : 0.22038573026657104,
    "mouthStretch_L" : 0.02627808041870594,
    "neckOrientation" : [
      -0.066273912787437439,
      0,
      0,
      0.99780154228210449
    ],
    "neckPosition" : [
      0,
      0,
      0
    ]
  },
  "props" : [
    {
      "image" : "../../../shared/sleeping_face/zs.heic",
      "position" : {
        "x" : 0.029999999999999999,
        "y" : -0.12,
        "z" : 20
      }
    }
  ]
}