{
  "camera" : {
    "name" : "stickerCam",
    "scene" : "cam.scnz"
  },
  "identifier" : "person_with_lightbulb",
  "physicsState" : {
    "memoji" : {
      "lowerBack_DYN" : {
        "offset" : [
          -0.071659088134765625,
          0.6954960823059082,
          1.1180589199066162
        ]
      },
      "lowerBackLeft_DYN" : {
        "offset" : [
          -0.028310775756835938,
          1.0403923988342285,
          0.16820906102657318
        ]
      },
      "lowerBackRight_DYN" : {
        "offset" : [
          -0.11830329895019531,
          -0.047778606414794922,
          1.5153167247772217
        ]
      },
      "lowerFront_DYN" : {
        "offset" : [
          -0.11517524719238281,
          0.61481857299804688,
          1.2722873687744141
        ]
      },
      "lowerFrontLeft_DYN" : {
        "offset" : [
          -0.10756015777587891,
          0.21001768112182617,
          -1.4774994850158691
        ]
      },
      "lowerFrontRight_DYN" : {
        "offset" : [
          -0.092617034912109375,
          -1.0933938026428223,
          -0.20382791757583618
        ]
      },
      "lowerLeft_DYN" : {
        "offset" : [
          -0.054842948913574219,
          0.85679197311401367,
          -0.8605731725692749
        ]
      },
      "lowerRight_DYN" : {
        "offset" : [
          -0.10561847686767578,
          0.82673740386962891,
          -1.0151591300964355
        ]
      }
    }
  },
  "pose" : {
    "bakedAnimationBlendFactor" : 0,
    "browInnerUp" : 0.75068503618240356,
    "browOuterUp_L" : 0.52328777313232422,
    "browOuterUp_R" : 0.47945207357406616,
    "cheekSquint_L" : 0.33698633313179016,
    "cheekSquint_R" : 0.3835616409778595,
    "eyeLookIn_R" : 0.057534247636795044,
    "eyeLookOut_L" : 0.054794516414403915,
    "eyeSquint_L" : 0.34794521331787109,
    "eyeSquint_R" : 0.34520551562309265,
    "jawOpen" : 0.51780825853347778,
    "mouthPucker" : 0.15342466533184052,
    "mouthSmile_L" : 0.96164381504058838,
    "mouthSmile_R" : 0.92602735757827759,
    "mouthStretch_L" : 0.42465755343437195,
    "mouthUpperUp_L" : 0.13972602784633636,
    "neckOrientation" : [
      -0.045640040189027786,
      -0.032139971852302551,
      -0.062472738325595856,
      0.99648445844650269
    ],
    "neckPosition" : [
      0,
      0,
      0
    ]
  },
  "props" : [
    {
      "palettes" : [
        {
          "material" : "skin_MAT",
          "palette" : "skin"
        }
      ],
      "scene" : "hand.scnz"
    },
    {
      "image" : "emoji_lightbulb.heic",
      "position" : {
        "x" : -0.029999999999999999,
        "y" : 0.59999999999999998,
        "z" : 15
      },
      "rotation" : {
        "x" : 0,
        "y" : 0,
        "z" : 0.10000000000000001
      },
      "scale" : 0.25
    }
  ]
}