{
  "camera" : {
    "name" : "stickerCam",
    "scene" : "../../shared/cam.scnz"
  },
  "emoji" : "🙄",
  "identifier" : "face_with_rolling_eyes",
  "options" : {
    "duration" : 1
  },
  "physicsState" : {
    "memoji" : {
      "lowerBack_DYN" : {
        "offset" : [
          -0.035846710205078125,
          0.026031970977783203,
          0.8483273983001709
        ]
      },
      "lowerBackLeft_DYN" : {
        "offset" : [
          -0.014682769775390625,
          0.43289518356323242,
          0.57620513439178467
        ]
      },
      "lowerBackRight_DYN" : {
        "offset" : [
          -0.039813995361328125,
          -0.41552209854125977,
          0.6265033483505249
        ]
      },
      "lowerFront_DYN" : {
        "offset" : [
          -0.035837173461914062,
          -0.026079177856445312,
          0.84820657968521118
        ]
      },
      "lowerFrontLeft_DYN" : {
        "offset" : [
          -0.014657974243164062,
          0.4328455924987793,
          -0.57719826698303223
        ]
      },
      "lowerFrontRight_DYN" : {
        "offset" : [
          -0.039859771728515625,
          -0.41536045074462891,
          -0.62556183338165283
        ]
      },
      "lowerLeft_DYN" : {
        "offset" : [
          -0.0039262771606445312,
          0.5928645133972168,
          -0.00080665847053751349
        ]
      },
      "lowerRight_DYN" : {
        "offset" : [
          -0.032695770263671875,
          0.60995197296142578,
          -0.00050099176587536931
        ]
      }
    }
  },
  "pose" : {
    "bakedAnimationBlendFactor" : 0,
    "browInnerUp" : 0.84565156698226929,
    "eyeLookIn_R" : 0.11764705926179886,
    "eyeLookOut_L" : 0.1141868382692337,
    "eyeLookUp_L" : 0.82347708940505981,
    "eyeLookUp_R" : 0.82327139377593994,
    "jawOpen" : 0.17707015573978424,
    "mouthStretch_L" : 0.34296026825904846,
    "mouthStretch_R" : 0.38989171385765076,
    "neckOrientation" : [
      0.0029775693546980619,
      -0.068534508347511292,
      -0.043258585035800934,
      0.99670594930648804
    ],
    "neckPosition" : [
      0,
      0,
      0
    ]
  },
  "props" : [

  ]
}