{
  "emoji" : "😛",
  "identifier" : "tongue_out",
  "physicsState" : {
    "boar" : {
      "L_ear_DYN" : {
        "offset" : [
          -0.75957202911376953,
          -0.035811424255371094,
          0.13533377647399902
        ]
      },
      "R_ear_DYN" : {
        "offset" : [
          0.76003932952880859,
          0.032876968383789062,
          -0.13303375244140625
        ]
      },
      "tongue_DYN" : {
        "offset" : [
          -0.0011320114135742188,
          0.49655318260192871,
          -0.001613616943359375
        ]
      }
    },
    "cat" : {
      "L_ear_DYN" : {
        "offset" : [
          -0.33694839477539062,
          -0.00094199180603027344,
          0.00019025802612304688
        ]
      },
      "R_ear_DYN" : {
        "offset" : [
          0.33509635925292969,
          -0.00073480606079101562,
          0.00051522254943847656
        ]
      }
    },
    "dog" : {
      "L_ear_DYN" : {
        "offset" : [
          -0.034149169921875,
          -0.74611854553222656,
          0.082625627517700195
        ]
      },
      "R_ear_DYN" : {
        "offset" : [
          0.020097732543945312,
          -0.78360557556152344,
          -0.078737497329711914
        ]
      }
    },
    "dragon" : {
      "L_mustache_DYN" : {
        "offset" : [
          -0.35258340835571289,
          -0.000736236572265625,
          0.000667572021484375
        ]
      },
      "L_upperTendrils_DYN" : {
        "offset" : [
          -0.49259376525878906,
          -0.0012712478637695312,
          0.00085973739624023438
        ]
      },
      "R_mustache_DYN" : {
        "offset" : [
          0.35261297225952148,
          -0.0009136199951171875,
          0.000438690185546875
        ]
      },
      "R_upperTendrils_DYN" : {
        "offset" : [
          0.49757575988769531,
          -0.00098133087158203125,
          0.00066995620727539062
        ]
      }
    },
    "lion" : {
      "bottomMane_DYN" : {
        "offset" : [
          -0.019378662109375,
          -0.629355788230896,
          0.060716152191162109
        ]
      },
      "L_lowerMane_DYN" : {
        "offset" : [
          -0.023632049560546875,
          -0.6078948974609375,
          0.061561822891235352
        ]
      },
      "R_lowerMane_DYN" : {
        "offset" : [
          0.021762847900390625,
          -0.61943817138671875,
          -0.059802532196044922
        ]
      }
    },
    "memoji" : {
      "lowerBack_DYN" : {
        "offset" : [
          -0.13531398773193359,
          0.015168190002441406,
          -1.6037065982818604
        ]
      },
      "lowerBackLeft_DYN" : {
        "offset" : [
          -0.15822601318359375,
          -0.94318628311157227,
          -1.2829113006591797
        ]
      },
      "lowerBackRight_DYN" : {
        "offset" : [
          -0.10796165466308594,
          0.90345859527587891,
          -1.3233633041381836
        ]
      },
      "lowerFront_DYN" : {
        "offset" : [
          -0.12262916564941406,
          -0.22900962829589844,
          -1.58634352684021
        ]
      },
      "lowerFrontLeft_DYN" : {
        "offset" : [
          -0.1481781005859375,
          -0.69756221771240234,
          1.4429106712341309
        ]
      },
      "lowerFrontRight_DYN" : {
        "offset" : [
          -0.098755836486816406,
          1.113797664642334,
          1.1408171653747559
        ]
      },
      "lowerLeft_DYN" : {
        "offset" : [
          -0.1589813232421875,
          -1.5474042892456055,
          0.23786160349845886
        ]
      },
      "lowerRight_DYN" : {
        "offset" : [
          -0.072829246520996094,
          -1.4406704902648926,
          0.17461419105529785
        ]
      }
    },
    "mouse" : {
      "L_ear_DYN" : {
        "offset" : [
          -0.63369369506835938,
          -0.30847549438476562,
          -0.081786155700683594
        ]
      },
      "L_whisker_DYN" : {
        "offset" : [
          -0.72140836715698242,
          -0.0019893646240234375,
          0.0015497207641601562
        ]
      },
      "R_ear_DYN" : {
        "offset" : [
          0.63355541229248047,
          0.30409812927246094,
          0.083946824073791504
        ]
      },
      "R_whisker_DYN" : {
        "offset" : [
          0.71788215637207031,
          -0.0021963119506835938,
          0.0014162063598632812
        ]
      }
    },
    "octopus" : {
      "L_tentacleA_DYN" : {
        "offset" : [
          -1.7516555786132812,
          -0.0079259872436523438,
          1.2967987060546875
        ]
      },
      "L_tentacleB_DYN" : {
        "offset" : [
          -1.6894264221191406,
          -0.18659162521362305,
          0.5908777117729187
        ]
      },
      "L_tentacleC_DYN" : {
        "offset" : [
          -1.691227912902832,
          -0.18295097351074219,
          -0.6261826753616333
        ]
      },
      "L_tentacleD_DYN" : {
        "offset" : [
          -1.7628192901611328,
          0.0067954063415527344,
          -1.308132529258728
        ]
      },
      "R_tentacleA_DYN" : {
        "offset" : [
          1.6871261596679688,
          -0.32217645645141602,
          1.0162069797515869
        ]
      },
      "R_tentacleB_DYN" : {
        "offset" : [
          1.6265296936035156,
          -0.40503025054931641,
          0.18796929717063904
        ]
      },
      "R_tentacleC_DYN" : {
        "offset" : [
          1.6640787124633789,
          -0.37577390670776367,
          -0.68496859073638916
        ]
      },
      "R_tentacleD_DYN" : {
        "offset" : [
          1.7355470657348633,
          -0.22466230392456055,
          -1.3250293731689453
        ]
      },
      "tongue_DYN" : {
        "offset" : [
          -0.0011256933212280273,
          0.49655342102050781,
          -0.0016608238220214844
        ]
      }
    },
    "owl" : {
      "L_hair_DYN" : {
        "offset" : [
          -1.2261600494384766,
          0.80171036720275879,
          0.17621636390686035
        ]
      },
      "R_hair_DYN" : {
        "offset" : [
          1.2309818267822266,
          -0.79809474945068359,
          -0.18265116214752197
        ]
      },
      "tongue_DYN" : {
        "offset" : [
          -0.0015122741460800171,
          0.6875309944152832,
          0.000335693359375
        ]
      }
    },
    "robot" : {
      "tongue_DYN" : {
        "offset" : [
          0.00042766332626342773,
          -0.44137835502624512,
          -5.626678466796875e-05
        ]
      }
    },
    "shark" : {
      "dorsalFin_DYN" : {
        "offset" : [
          -2.0306568145751953,
          -0.020397186279296875,
          -0.0080783357843756676
        ]
      },
      "L_pectoralFin_DYN" : {
        "offset" : [
          -1.7257256507873535,
          0.015884876251220703,
          0.23915004730224609
        ]
      },
      "R_pectoralFin_DYN" : {
        "offset" : [
          1.7244787216186523,
          -0.0091519355773925781,
          -0.24304747581481934
        ]
      },
      "tongue_DYN" : {
        "offset" : [
          -0.0012650489807128906,
          0.77241730690002441,
          0.00012111663818359375
        ]
      }
    },
    "skull" : {
      "jaw_DYN" : {
        "offset" : [
          0.87621402740478516,
          -0.00038063526153564453,
          2.765655517578125e-05
        ]
      },
      "tongue_DYN" : {
        "offset" : [
          -0.00054776668548583984,
          -0.61338663101196289,
          1.9073486328125e-06
        ]
      }
    }
  },
  "pose" : {
    "bakedAnimationBlendFactor" : 0,
    "browDown_R" : 0.7416108250617981,
    "browInnerUp" : 0.1334858238697052,
    "browOuterUp_L" : 0.40000000596046448,
    "cheekSquint_L" : 0.25999999046325684,
    "cheekSquint_R" : 1,
    "eyeBlink_L" : 0.077465243637561798,
    "eyeBlink_R" : 1,
    "eyeLookDown_L" : 0.059999998658895493,
    "eyeLookDown_R" : 0.059999998658895493,