{
  "emoji" : "😠",
  "identifier" : "grizzled",
  "physicsState" : {
    "boar" : {
      "L_ear_DYN" : {
        "offset" : [
          -0.76001644134521484,
          -0.032660961151123047,
          0.13331961631774902
        ]
      },
      "R_ear_DYN" : {
        "offset" : [
          0.75949287414550781,
          0.035777091979980469,
          -0.13559651374816895
        ]
      },
      "tongue_DYN" : {
        "offset" : [
          0.0014007091522216797,
          0.4965519905090332,
          -7.152557373046875e-05
        ]
      }
    },
    "cat" : {
      "L_ear_DYN" : {
        "offset" : [
          -0.33516502380371094,
          0.0008068084716796875,
          -0.00031685829162597656
        ]
      },
      "R_ear_DYN" : {
        "offset" : [
          0.3370208740234375,
          0.0009365081787109375,
          -0.00037264823913574219
        ]
      }
    },
    "dog" : {
      "L_ear_DYN" : {
        "offset" : [
          -0.022120475769042969,
          0.80926895141601562,
          -0.13683080673217773
        ]
      },
      "R_ear_DYN" : {
        "offset" : [
          0.036456108093261719,
          0.76807212829589844,
          0.14420199394226074
        ]
      }
    },
    "dragon" : {
      "L_mustache_DYN" : {
        "offset" : [
          -0.35272789001464844,
          0.00093889236450195312,
          -0.0005340576171875
        ]
      },
      "L_upperTendrils_DYN" : {
        "offset" : [
          -0.49766921997070312,
          0.0011157989501953125,
          -0.00047969818115234375
        ]
      },
      "R_mustache_DYN" : {
        "offset" : [
          0.35270500183105469,
          0.00079059600830078125,
          -0.0005340576171875
        ]
      },
      "R_upperTendrils_DYN" : {
        "offset" : [
          0.49253654479980469,
          0.0011959075927734375,
          -0.00099945068359375
        ]
      }
    },
    "lion" : {
      "bottomMane_DYN" : {
        "offset" : [
          -0.020959854125976562,
          0.64901286363601685,
          -0.1051025390625
        ]
      },
      "L_lowerMane_DYN" : {
        "offset" : [
          -0.023617744445800781,
          0.63925647735595703,
          -0.10350513458251953
        ]
      },
      "R_lowerMane_DYN" : {
        "offset" : [
          0.025511741638183594,
          0.62644672393798828,
          0.10705113410949707
        ]
      }
    },
    "memoji" : {
      "lowerBack_DYN" : {
        "offset" : [
          -0.12562656402587891,
          0.30788278579711914,
          1.5809370279312134
        ]
      },
      "lowerBackLeft_DYN" : {
        "offset" : [
          -0.099219322204589844,
          1.1942353248596191,
          1.0690779685974121
        ]
      },
      "lowerBackRight_DYN" : {
        "offset" : [
          -0.15063667297363281,
          -0.61121511459350586,
          1.4881725311279297
        ]
      },
      "lowerFront_DYN" : {
        "offset" : [
          -0.13498401641845703,
          0.053608894348144531,
          1.6113182306289673
        ]
      },
      "lowerFrontLeft_DYN" : {
        "offset" : [
          -0.10959720611572266,
          0.83522176742553711,
          -1.3755038976669312
        ]
      },
      "lowerFrontRight_DYN" : {
        "offset" : [
          -0.15979576110839844,
          -1.0315442085266113,
          -1.2223135232925415
        ]
      },
      "lowerLeft_DYN" : {
        "offset" : [
          -0.081931114196777344,
          1.4865713119506836,
          -0.30663567781448364
        ]
      },
      "lowerRight_DYN" : {
        "offset" : [
          -0.16269874572753906,
          1.5363078117370605,
          -0.39798378944396973
        ]
      }
    },
    "mouse" : {
      "L_ear_DYN" : {
        "offset" : [
          -0.63383579254150391,
          -0.30408096313476562,
          -0.083543837070465088
        ]
      },
      "L_whisker_DYN" : {
        "offset" : [
          -0.71772098541259766,
          0.0023136138916015625,
          -0.0015344619750976562
        ]
      },
      "R_ear_DYN" : {
        "offset" : [
          0.63375186920166016,
          0.3084869384765625,
          0.081500530242919922
        ]
      },
      "R_whisker_DYN" : {
        "offset" : [
          0.72156429290771484,
          0.0020895004272460938,
          -0.0013132095336914062
        ]
      }
    },
    "octopus" : {
      "L_tentacleA_DYN" : {
        "offset" : [
          -1.726933479309082,
          0.28577470779418945,
          -1.2776249647140503
        ]
      },
      "L_tentacleB_DYN" : {
        "offset" : [
          -1.6434545516967773,
          0.40782928466796875,
          -0.52095359563827515
        ]
      },
      "L_tentacleC_DYN" : {
        "offset" : [
          -1.6418275833129883,
          0.41970920562744141,
          0.39763686060905457
        ]
      },
      "L_tentacleD_DYN" : {
        "offset" : [
          -1.711613655090332,
          0.30516386032104492,
          1.2080121040344238
        ]
      },
      "R_tentacleA_DYN" : {
        "offset" : [
          1.7518854141235352,
          0.081587791442871094,
          -1.2418668270111084
        ]
      },
      "R_tentacleB_DYN" : {
        "offset" : [
          1.6719856262207031,
          0.21286249160766602,
          -0.16525942087173462
        ]
      },
      "R_tentacleC_DYN" : {
        "offset" : [
          1.7276458740234375,
          0.13022375106811523,
          1.0333148241043091
        ]
      },
      "R_tentacleD_DYN" : {
        "offset" : [
          1.760249137878418,
          -0.0854644775390625,
          1.3122940063476562
        ]
      },
      "tongue_DYN" : {
        "offset" : [
          0.0015542507171630859,
          0.4965519905090332,
          0.0012617111206054688
        ]
      }
    },
    "owl" : {
      "L_hair_DYN" : {
        "offset" : [
          -1.2311859130859375,
          0.79786062240600586,
          0.18232595920562744
        ]
      },
      "R_hair_DYN" : {
        "offset" : [
          1.2260875701904297,
          -0.80163192749023438,
          -0.1761704683303833
        ]
      },
      "tongue_DYN" : {
        "offset" : [
          0.0015313029289245605,
          0.68753385543823242,
          -0.0019884109497070312
        ]
      }
    },
    "robot" : {
      "tongue_DYN" : {
        "offset" : [
          -0.00048261880874633789,
          -0.44137740135192871,
          -4.57763671875e-05
        ]
      }
    },
    "shark" : {
      "dorsalFin_DYN" : {
        "offset" : [
          -2.0293474197387695,
          -0.021626472473144531,
          0.0083006629720330238
        ]
      },
      "L_pectoralFin_DYN" : {
        "offset" : [
          -1.7245998382568359,
          0.0078182220458984375,
          0.24378013610839844
        ]
      },
      "R_pectoralFin_DYN" : {
        "offset" : [
          1.7252864837646484,
          -0.015017986297607422,
          -0.24002552032470703
        ]
      },
      "tongue_DYN" : {
        "offset" : [
          0.0014206171035766602,
          0.7724156379699707,
          -0.0017042160034179688
        ]
      }
    },
    "skull" : {
      "jaw_DYN" : {
        "offset" : [
          0.87619590759277344,
          0.00037944316864013672,
          -8.296966552734375e-05
        ]
      },
      "tongue_DYN" : {
        "offset" : [
          0.00057721138000488281,
          -0.61338615417480469,
          2.86102294921875e-05
        ]
      }
    },
    "unicorn" : {
      "L_ear_DYN" : {
        "offset" : [
          -0.59710979461669922,
          0.00058031082153320312,
          -0.0013141632080078125
        ]
      },
      "R_ear_DYN" : {
        "offset" : [
          0.59797954559326172,
          0.0009218752384185791,
          -0.0013976097106933594
        ]
      }
    }
  },
  "pose" : {
    "bakedAnimationBlendFactor" : 0,
    "browDown_L" : 0.20000000298023224,