{
  "emoji" : "😉",
  "identifier" : "wink",
  "physicsState" : {
    "boar" : {
      "L_ear_DYN" : {
        "offset" : [
          -0.75910663604736328,
          -0.032925605773925781,
          0.13557720184326172
        ]
      },
      "R_ear_DYN" : {
        "offset" : [
          0.75983238220214844,
          0.035429954528808594,
          -0.13352560997009277
        ]
      },
      "tongue_DYN" : {
        "offset" : [
          0.0014190673828125,
          0.49656558036804199,
          -0.0013990402221679688
        ]
      }
    },
    "cat" : {
      "L_ear_DYN" : {
        "offset" : [
          -0.33533287048339844,
          0.00056743621826171875,
          0.00072383880615234375
        ]
      },
      "R_ear_DYN" : {
        "offset" : [
          0.336700439453125,
          0.00083971023559570312,
          0.00040769577026367188
        ]
      }
    },
    "dog" : {
      "L_ear_DYN" : {
        "offset" : [
          -0.00897979736328125,
          0.56072235107421875,
          -0.080816030502319336
        ]
      },
      "R_ear_DYN" : {
        "offset" : [
          0.019587516784667969,
          0.54093551635742188,
          0.083545923233032227
        ]
      }
    },
    "dragon" : {
      "L_mustache_DYN" : {
        "offset" : [
          -0.3520655632019043,
          0.00084066390991210938,
          0.0006961822509765625
        ]
      },
      "L_upperTendrils_DYN" : {
        "offset" : [
          -0.49348640441894531,
          0.00040149688720703125,
          0.0015454292297363281
        ]
      },
      "R_mustache_DYN" : {
        "offset" : [
          0.3534088134765625,
          0.0005893707275390625,
          0.000820159912109375
        ]
      },
      "R_upperTendrils_DYN" : {
        "offset" : [
          0.49411392211914062,
          0.00045871734619140625,
          0.00096988677978515625
        ]
      }
    },
    "lion" : {
      "bottomMane_DYN" : {
        "offset" : [
          -0.010125160217285156,
          0.45307350158691406,
          -0.061914920806884766
        ]
      },
      "L_lowerMane_DYN" : {
        "offset" : [
          -0.0111236572265625,
          0.44475364685058594,
          -0.061219453811645508
        ]
      },
      "R_lowerMane_DYN" : {
        "offset" : [
          0.012583732604980469,
          0.43860244750976562,
          0.062458515167236328
        ]
      }
    },
    "memoji" : {
      "lowerBack_DYN" : {
        "offset" : [
          -0.10888004302978516,
          0.22558736801147461,
          1.48238205909729
        ]
      },
      "lowerBackLeft_DYN" : {
        "offset" : [
          -0.052190780639648438,
          0.86870288848876953,
          0.85227370262145996
        ]
      },
      "lowerBackRight_DYN" : {
        "offset" : [
          -0.11950016021728516,
          -0.60403633117675781,
          1.2908624410629272
        ]
      },
      "lowerFront_DYN" : {
        "offset" : [
          -0.11993312835693359,
          0.061986923217773438,
          1.5247838497161865
        ]
      },
      "lowerFrontLeft_DYN" : {
        "offset" : [
          -0.0718841552734375,
          0.69080591201782227,
          -1.136876106262207
        ]
      },
      "lowerFrontRight_DYN" : {
        "offset" : [
          -0.10922718048095703,
          -0.84344673156738281,
          -1.0048294067382812
        ]
      },
      "lowerLeft_DYN" : {
        "offset" : [
          -0.031848907470703125,
          1.0453991889953613,
          -0.18414439260959625
        ]
      },
      "lowerRight_DYN" : {
        "offset" : [
          -0.089186668395996094,
          1.097205638885498,
          -0.23009216785430908
        ]
      }
    },
    "mouse" : {
      "L_ear_DYN" : {
        "offset" : [
          -0.63311004638671875,
          -0.30431747436523438,
          -0.080733895301818848
        ]
      },
      "L_whisker_DYN" : {
        "offset" : [
          -0.71708011627197266,
          0.0016341209411621094,
          0.0022592544555664062
        ]
      },
      "R_ear_DYN" : {
        "offset" : [
          0.63295555114746094,
          0.30770778656005859,
          0.084019303321838379
        ]
      },
      "R_whisker_DYN" : {
        "offset" : [
          0.72146749496459961,
          0.0014233589172363281,
          0.002269744873046875
        ]
      }
    },
    "octopus" : {
      "L_tentacleA_DYN" : {
        "offset" : [
          -1.6765470504760742,
          0.17798614501953125,
          -0.90412843227386475
        ]
      },
      "L_tentacleB_DYN" : {
        "offset" : [
          -1.6515655517578125,
          0.26886415481567383,
          -0.36601728200912476
        ]
      },
      "L_tentacleC_DYN" : {
        "offset" : [
          -1.6221609115600586,
          0.27135705947875977,
          0.30606755614280701
        ]
      },
      "L_tentacleD_DYN" : {
        "offset" : [
          -1.6917257308959961,
          0.17937469482421875,
          0.87388122081756592
        ]
      },
      "R_tentacleA_DYN" : {
        "offset" : [
          1.7026309967041016,
          0.08878326416015625,
          -0.84787523746490479
        ]
      },
      "R_tentacleB_DYN" : {
        "offset" : [
          1.6637725830078125,
          0.18024110794067383,
          -0.13699324429035187
        ]
      },
      "R_tentacleC_DYN" : {
        "offset" : [
          1.6885175704956055,
          0.13099336624145508,
          0.66610777378082275
        ]
      },
      "R_tentacleD_DYN" : {
        "offset" : [
          1.7107648849487305,
          -0.025234222412109375,
          1.0480701923370361
        ]
      },
      "tongue_DYN" : {
        "offset" : [
          0.0014271736145019531,
          0.49656915664672852,
          -0.0017795562744140625
        ]
      }
    },
    "owl" : {
      "L_hair_DYN" : {
        "offset" : [
          -1.2305545806884766,
          0.79738378524780273,
          0.17559003829956055
        ]
      },
      "R_hair_DYN" : {
        "offset" : [
          1.2276573181152344,
          -0.80226516723632812,
          -0.18299150466918945
        ]
      },
      "tongue_DYN" : {
        "offset" : [
          0.0010852888226509094,
          0.68754339218139648,
          -0.0011014938354492188
        ]
      }
    },
    "robot" : {
      "tongue_DYN" : {
        "offset" : [
          -0.00030910968780517578,
          -0.44138073921203613,
          3.814697265625e-06
        ]
      }
    },
    "shark" : {
      "dorsalFin_DYN" : {
        "offset" : [
          -2.0306758880615234,
          -0.022101402282714844,
          0.0012689835857599974
        ]
      },
      "L_pectoralFin_DYN" : {
        "offset" : [
          -1.7250123023986816,
          0.0082106590270996094,
          0.23705101013183594
        ]
      },
      "R_pectoralFin_DYN" : {
        "offset" : [
          1.7272558212280273,
          -0.014035701751708984,
          -0.24612808227539062
        ]
      },
      "tongue_DYN" : {
        "offset" : [
          0.00059068202972412109,
          0.77240824699401855,
          0.00050449371337890625
        ]
      }
    },
    "skull" : {
      "jaw_DYN" : {
        "offset" : [
          0.87626457214355469,
          0.00028932094573974609,
          -2.002716064453125e-05
        ]
      },
      "tongue_DYN" : {
        "offset" : [
          2.9325485229492188e-05,
          -0.6133880615234375,
          -1.621246337890625e-05
        ]
      }
    },
    "unicorn" : {
      "L_ear_DYN" : {
        "offset" : [
          -0.59812164306640625,
          0.0018205642700195312,
          0.000736236572265625
        ]
      },
      "R_ear_DYN" : {
        "offset" : [
          0.59777927398681641,
          0.0021789073944091797,
          0.00045537948608398438
        ]
      }
    }
  },
  "pose" : {
    "bakedAnimationBlendFactor" : 0,
    "browDown_R" : 0.48407644033432007,