{
  "camera" : {
    "name" : "stickerCam",
    "scene" : "../../shared/cam.scnz"
  },
  "emoji" : "🙁",
  "identifier" : "slightly_frowning_face",
  "options" : {
    "duration" : 1
  },
  "physicsState" : {
    "memoji" : {
      "lowerBack_DYN" : {
        "offset" : [
          -0.038790702819824219,
          -0.64726829528808594,
          -0.2485564649105072
        ]
      },
      "lowerBackLeft_DYN" : {
        "offset" : [
          -0.044527053833007812,
          -0.5668025016784668,
          0.50111198425292969
        ]
      },
      "lowerBackRight_DYN" : {
        "offset" : [
          -0.04831695556640625,
          -0.31281709671020508,
          -0.82841455936431885
        ]
      },
      "lowerFront_DYN" : {
        "offset" : [
          -0.0079183578491210938,
          -0.62961053848266602,
          -0.21921008825302124
        ]
      },
      "lowerFrontLeft_DYN" : {
        "offset" : [
          -0.027190208435058594,
          0.35401201248168945,
          0.77580487728118896
        ]
      },
      "lowerFrontRight_DYN" : {
        "offset" : [
          -0.011035919189453125,
          0.56738758087158203,
          -0.44752955436706543
        ]
      },
      "lowerLeft_DYN" : {
        "offset" : [
          -0.046360969543457031,
          -0.13509654998779297,
          0.91488057374954224
        ]
      },
      "lowerRight_DYN" : {
        "offset" : [
          -0.037166595458984375,
          -0.19251489639282227,
          0.88589715957641602
        ]
      }
    }
  },
  "pose" : {
    "bakedAnimationBlendFactor" : 0,
    "browDown_L" : 0.77099257707595825,
    "browDown_R" : 0.78244274854660034,
    "browInnerUp" : 1,
    "eyeBlink_L" : 0.12217194586992264,
    "eyeBlink_R" : 0.11538461595773697,
    "eyeSquint_L" : 0.43526181578636169,
    "eyeSquint_R" : 0.42424240708351135,
    "jawOpen" : 0.15999999642372131,
    "mouthClose" : 0.15999999642372131,
    "mouthFrown_L" : 0.76038318872451782,
    "mouthFrown_R" : 0.77478820085525513,
    "mouthShrugLower" : 0.67493081092834473,
    "mouthShrugUpper" : 0.67768585681915283,
    "mouthStretch_L" : 0.76833218336105347,
    "mouthStretch_R" : 0.77324235439300537,
    "neckOrientation" : [
      0.046229120343923569,
      0.017416175454854965,
      0.01107336301356554,
      0.99871766567230225
    ],
    "neckPosition" : [
      0,
      0,
      0
    ]
  },
  "props" : [

  ]
}