{
  "camera" : {
    "name" : "stickerCam",
    "scene" : "../../../shared/cam.scnz"
  },
  "emoji" : "😘",
  "identifier" : "face_blowing_a_kiss",
  "options" : {
    "duration" : 1
  },
  "physicsState" : {
    "shark" : {
      "dorsalFin_DYN" : {
        "offset" : [
          -2.0307283401489258,
          -0.022327423095703125,
          -0.0017383538652211428
        ]
      },
      "L_pectoralFin_DYN" : {
        "offset" : [
          -1.7247257232666016,
          0.011449813842773438,
          0.24094152450561523
        ]
      },
      "R_pectoralFin_DYN" : {
        "offset" : [
          1.7245965003967285,
          -0.010883808135986328,
          -0.24260330200195312
        ]
      },
      "tongue_DYN" : {
        "offset" : [
          -0.00022627413272857666,
          0.77240943908691406,
          0.001007080078125
        ]
      }
    }
  },
  "pose" : {
    "bakedAnimationBlendFactor" : 0,
    "browDown_L" : 0.96748602390289307,
    "browInnerUp" : 0.6714857816696167,
    "browOuterUp_R" : 0.90320849418640137,
    "cheekSquint_L" : 1,
    "cheekSquint_R" : 0.26446273922920227,
    "eyeBlink_L" : 1,
    "eyeBlink_R" : 0.13530918955802917,
    "eyeLookDown_L" : 0.10000000149011612,
    "eyeLookDown_R" : 0.10000000149011612,
    "eyeSquint_L" : 0.96108216047286987,
    "eyeSquint_R" : 0.46925169229507446,
    "mouthLeft" : 0.86296528577804565,
    "mouthPucker" : 0.87165772914886475,
    "mouthSmile_L" : 0.30000001192092896,
    "mouthSmile_R" : 0.20000000298023224,
    "neckOrientation" : [
      -0.020657248795032501,
      0.024749923497438431,
      0.013387914746999741,
      0.99939066171646118
    ],
    "neckPosition" : [
      0,
      0,
      0
    ]
  },
  "props" : [
    {
      "image" : "../../../shared/face_blowing_a_kiss/heart.heic",
      "position" : {
        "x" : 0.20000000000000001,
        "y" : 0.10000000000000001,
        "z" : 30
      }
    }
  ]
}