{
  "emoji" : "😚",
  "identifier" : "front_pucker",
  "physicsState" : {
    "boar" : {
      "L_ear_DYN" : {
        "offset" : [
          -0.75942039489746094,
          -0.034162521362304688,
          0.13464951515197754
        ]
      },
      "R_ear_DYN" : {
        "offset" : [
          0.75942134857177734,
          0.034173965454101562,
          -0.13464784622192383
        ]
      },
      "tongue_DYN" : {
        "offset" : [
          0,
          0.49655389785766602,
          0.0013408660888671875
        ]
      }
    },
    "cat" : {
      "L_ear_DYN" : {
        "offset" : [
          -0.33597564697265625,
          -0.00011873245239257812,
          0.00028181076049804688
        ]
      },
      "R_ear_DYN" : {
        "offset" : [
          0.335968017578125,
          0.00012254714965820312,
          -0.00028181076049804688
        ]
      }
    },
    "dragon" : {
      "L_mustache_DYN" : {
        "offset" : [
          -0.35247278213500977,
          0.00015163421630859375,
          -0.00018310546875
        ]
      },
      "L_upperTendrils_DYN" : {
        "offset" : [
          -0.49326038360595703,
          1.71661376953125e-05,
          0.00049638748168945312
        ]
      },
      "R_mustache_DYN" : {
        "offset" : [
          0.35247325897216797,
          -0.000148773193359375,
          0.00018310546875
        ]
      },
      "R_upperTendrils_DYN" : {
        "offset" : [
          0.49325752258300781,
          -1.9073486328125e-05,
          -0.00049495697021484375
        ]
      }
    },
    "memoji" : {
      "lowerBack_DYN" : {
        "offset" : [
          0.000843048095703125,
          0.4149327278137207,
          -2.7671116953342789e-08
        ]
      },
      "lowerBackLeft_DYN" : {
        "offset" : [
          -0.0047760009765625,
          0.30049991607666016,
          -0.40724867582321167
        ]
      },
      "lowerBackRight_DYN" : {
        "offset" : [
          -0.0047779083251953125,
          0.30049943923950195,
          0.40724852681159973
        ]
      },
      "lowerFront_DYN" : {
        "offset" : [
          -0.018632888793945312,
          0.42423057556152344,
          4.2141339307022463e-09
        ]
      },
      "lowerFrontLeft_DYN" : {
        "offset" : [
          -0.02175140380859375,
          -0.29203224182128906,
          -0.43179279565811157
        ]
      },
      "lowerFrontRight_DYN" : {
        "offset" : [
          -0.02175140380859375,
          -0.29203271865844727,
          0.43179339170455933
        ]
      },
      "lowerLeft_DYN" : {
        "offset" : [
          -0.017466545104980469,
          0.0126800537109375,
          -0.59253954887390137
        ]
      },
      "lowerRight_DYN" : {
        "offset" : [
          -0.017469406127929688,
          -0.012681961059570312,
          -0.59253919124603271
        ]
      }
    },
    "mouse" : {
      "L_ear_DYN" : {
        "offset" : [
          -0.6327972412109375,
          -0.30593585968017578,
          -0.082093119621276855
        ]
      },
      "L_whisker_DYN" : {
        "offset" : [
          -0.72033929824829102,
          0.000118255615234375,
          -0.00023365020751953125
        ]
      },
      "R_ear_DYN" : {
        "offset" : [
          0.63279819488525391,
          0.30595016479492188,
          0.082077980041503906
        ]
      },
      "R_whisker_DYN" : {
        "offset" : [
          0.72033977508544922,
          -0.00011920928955078125,
          0.00023365020751953125
        ]
      }
    },
    "octopus" : {
      "L_tentacleA_DYN" : {
        "offset" : [
          -1.6491861343383789,
          -0.068363666534423828,
          -0.24502795934677124
        ]
      },
      "L_tentacleB_DYN" : {
        "offset" : [
          -1.6624641418457031,
          -0.01111602783203125,
          -0.40387701988220215
        ]
      },
      "L_tentacleC_DYN" : {
        "offset" : [
          -1.6457138061523438,
          0.052785873413085938,
          -0.35984095931053162
        ]
      },
      "L_tentacleD_DYN" : {
        "offset" : [
          -1.6418495178222656,
          0.091807365417480469,
          -0.13694934546947479
        ]
      },
      "R_tentacleA_DYN" : {
        "offset" : [
          1.6491823196411133,
          0.068363189697265625,
          0.24502789974212646
        ]
      },
      "R_tentacleB_DYN" : {
        "offset" : [
          1.6624565124511719,
          0.011112213134765625,
          0.40387940406799316
        ]
      },
      "R_tentacleC_DYN" : {
        "offset" : [
          1.6457052230834961,
          -0.05278778076171875,
          0.35983732342720032
        ]
      },
      "R_tentacleD_DYN" : {
        "offset" : [
          1.641840934753418,
          -0.091811656951904297,
          0.13695034384727478
        ]
      },
      "tongue_DYN" : {
        "offset" : [
          -2.2204460492503131e-16,
          0.49655485153198242,
          0.00077152252197265625
        ]
      }
    },
    "owl" : {
      "L_hair_DYN" : {
        "offset" : [
          -1.2297096252441406,
          0.80037808418273926,
          0.17917883396148682
        ]
      },
      "R_hair_DYN" : {
        "offset" : [
          1.2297096252441406,
          -0.80035805702209473,
          -0.17919397354125977
        ]
      },
      "tongue_DYN" : {
        "offset" : [
          0,
          0.68753671646118164,
          0.00027179718017578125
        ]
      }
    },
    "robot" : {
      "tongue_DYN" : {
        "offset" : [
          0,
          -0.44137978553771973,
          -0.00010395050048828125
        ]
      }
    },
    "shark" : {
      "dorsalFin_DYN" : {
        "offset" : [
          -2.0303688049316406,
          -0.022861480712890625,
          2.4650717023178004e-09
        ]
      },
      "L_pectoralFin_DYN" : {
        "offset" : [
          -1.7247281074523926,
          0.010865211486816406,
          0.24193811416625977
        ]
      },
      "R_pectoralFin_DYN" : {
        "offset" : [
          1.7245445251464844,
          -0.010965347290039062,
          -0.24201107025146484
        ]
      },
      "tongue_DYN" : {
        "offset" : [
          4.290655982228499e-17,
          0.77241635322570801,
          0.00071620941162109375
        ]
      }
    },
    "skull" : {
      "jaw_DYN" : {
        "offset" : [
          0.8762664794921875,
          -5.8079086784346146e-07,
          -0.00011157989501953125
        ]
      },
      "tongue_DYN" : {
        "offset" : [
          0,
          -0.61338710784912109,
          -2.47955322265625e-05
        ]
      }
    },
    "unicorn" : {
      "L_ear_DYN" : {
        "offset" : [
          -0.59732246398925781,
          -0.00025439262390136719,
          0.00035429000854492188
        ]
      },
      "R_ear_DYN" : {
        "offset" : [
          0.59732341766357422,
          0.00025224685668945312,
          -0.00035238265991210938
        ]
      }
    }
  },
  "pose" : {
    "bakedAnimationBlendFactor" : 0,
    "browInnerUp" : 1,
    "browOuterUp_L" : 0.58598709106445312,
    "browOuterUp_R" : 0.70063692331314087,
    "cheekPuff" : 0.15286624431610107,
    "cheekSquint_L" : 0.78662413358688354,
    "cheekSquint_R" : 0.65923559665679932,
    "eyeLookDown_L" : 0.035031847655773163,
    "eyeLookDown_R" : 0.038216561079025269,
    "eyeSquint_L" : 0.81210207939147949,
    "eyeSquint_R" : 0.85987257957458496,
    "jawForward" : 0.098726116120815277,
    "jawOpen" : 0.1592356413602829,
    "mouthClose" : 0.15286622941493988,
    "mouthPucker" : 1,
    "mouthSmile_L" : 0.1114649698138237,
    "mouthSmile_R" : 0.070063695311546326,
    "neckOrientation" : [
      -0.030259611085057259,
      0,
      0,
      0.99954205751419067
    ],
    "neckPosition" : [
      0,
      0,
      0
    ],
    "noseSneer_L" : 0.10191082954406738,
    "noseSneer_R" : 0.13375796377658844
  },
  "props" : [

  ]
}