{
  "camera" : {
    "name" : "stickerCam",
    "scene" : "../../../shared/head_in_clouds/cam.scnz"
  },
  "identifier" : "head_in_clouds",
  "physicsState" : {
    "boar" : {
      "L_ear_DYN" : {
        "offset" : [
          -0.75951576232910156,
          -0.034300327301025391,
          0.13433408737182617
        ]
      },
      "R_ear_DYN" : {
        "offset" : [
          0.75951957702636719,
          0.034303665161132812,
          -0.13433456420898438
        ]
      },
      "tongue_DYN" : {
        "offset" : [
          0,
          0.4965519905090332,
          0
        ]
      }
    },
    "cat" : {
      "L_ear_DYN" : {
        "offset" : [
          -0.33593940734863281,
          -0.00011920928955078125,
          -4.0531158447265625e-06
        ]
      },
      "R_ear_DYN" : {
        "offset" : [
          0.33593368530273438,
          0.0001239776611328125,
          3.0994415283203125e-06
        ]
      }
    },
    "dragon" : {
      "L_mustache_DYN" : {
        "offset" : [
          -0.35239601135253906,
          9.1552734375e-05,
          2.86102294921875e-05
        ]
      },
      "L_upperTendrils_DYN" : {
        "offset" : [
          -0.49322700500488281,
          -0.000156402587890625,
          0.00025606155395507812
        ]
      },
      "R_mustache_DYN" : {
        "offset" : [
          0.35239744186401367,
          -8.869171142578125e-05,
          -2.765655517578125e-05
        ]
      },
      "R_upperTendrils_DYN" : {
        "offset" : [
          0.49322128295898438,
          0.0001544952392578125,
          -0.00025606155395507812
        ]
      }
    },
    "mouse" : {
      "L_ear_DYN" : {
        "offset" : [
          -0.63277816772460938,
          -0.30599403381347656,
          -0.082468748092651367
        ]
      },
      "L_whisker_DYN" : {
        "offset" : [
          -0.72032594680786133,
          6.7234039306640625e-05,
          1.049041748046875e-05
        ]
      },
      "R_ear_DYN" : {
        "offset" : [
          0.63277626037597656,
          0.30599689483642578,
          0.082472681999206543
        ]
      },
      "R_whisker_DYN" : {
        "offset" : [
          0.72032690048217773,
          -6.67572021484375e-05,
          -1.1444091796875e-05
        ]
      }
    },
    "octopus" : {
      "L_tentacleA_DYN" : {
        "offset" : [
          -1.6385354995727539,
          -0.0010170936584472656,
          -0.0034670829772949219
        ]
      },
      "L_tentacleB_DYN" : {
        "offset" : [
          -1.6503829956054688,
          7.82012939453125e-05,
          -0.00020360946655273438
        ]
      },
      "L_tentacleC_DYN" : {
        "offset" : [
          -1.6428031921386719,
          5.7220458984375e-06,
          0.00098276138305664062
        ]
      },
      "L_tentacleD_DYN" : {
        "offset" : [
          -1.6465902328491211,
          -0.0014986991882324219,
          0.0027196407318115234
        ]
      },
      "R_tentacleA_DYN" : {
        "offset" : [
          1.6385345458984375,
          0.0010156631469726562,
          0.0034656524658203125
        ]
      },
      "R_tentacleB_DYN" : {
        "offset" : [
          1.6503772735595703,
          -8.1539154052734375e-05,
          0.00020623207092285156
        ]
      },
      "R_tentacleC_DYN" : {
        "offset" : [
          1.6427984237670898,
          -8.106231689453125e-06,
          -0.0009860992431640625
        ]
      },
      "R_tentacleD_DYN" : {
        "offset" : [
          1.6465845108032227,
          0.0014958381652832031,
          -0.0027179718017578125
        ]
      },
      "tongue_DYN" : {
        "offset" : [
          -2.2204460492503131e-16,
          0.496551513671875,
          -4.76837158203125e-07
        ]
      }
    },
    "owl" : {
      "L_hair_DYN" : {
        "offset" : [
          -1.2295951843261719,
          0.80053281784057617,
          0.17930006980895996
        ]
      },
      "R_hair_DYN" : {
        "offset" : [
          1.2295989990234375,
          -0.80051255226135254,
          -0.17930281162261963
        ]
      },
      "tongue_DYN" : {
        "offset" : [
          0,
          0.68753242492675781,
          -9.5367431640625e-07
        ]
      }
    },
    "robot" : {
      "tongue_DYN" : {
        "offset" : [
          0,
          -0.44137787818908691,
          1.9073486328125e-06
        ]
      }
    },
    "shark" : {
      "dorsalFin_DYN" : {
        "offset" : [
          -2.0316562652587891,
          -0.02108001708984375,
          2.3298980522667989e-09
        ]
      },
      "L_pectoralFin_DYN" : {
        "offset" : [
          -1.724790096282959,
          0.011643886566162109,
          0.2413487434387207
        ]
      },
      "R_pectoralFin_DYN" : {
        "offset" : [
          1.7245883941650391,
          -0.011714458465576172,
          -0.24137067794799805
        ]
      },
      "tongue_DYN" : {
        "offset" : [
          4.2877548943841531e-17,
          0.77241325378417969,
          -9.5367431640625e-07
        ]
      }
    },
    "skull" : {
      "jaw_DYN" : {
        "offset" : [
          0.87626838684082031,
          1.5807302133907797e-07,
          0
        ]
      },
      "tongue_DYN" : {
        "offset" : [
          0,
          -0.61338710784912109,
          -9.5367431640625e-07
        ]
      }
    },
    "unicorn" : {
      "L_ear_DYN" : {
        "offset" : [
          -0.59719085693359375,
          -0.00024318695068359375,
          -9.250640869140625e-05
        ]
      },
      "R_ear_DYN" : {
        "offset" : [
          0.5971832275390625,
          0.00024235248565673828,
          9.6797943115234375e-05
        ]
      }
    }
  },
  "pose" : {
    "bakedAnimationBlendFactor" : 0,
    "eyeBlink_L" : 0.50090146064758301,
    "eyeBlink_R" : 0.50670892000198364,
    "neckOrientation" : [
      0,
      0,
      0,
      0
    ]
  },
  "props" : [
    {
      "image" : "../../../shared/head_in_clouds/cloudC.heic",
      "position" : {
        "x" : 0.56000000000000005,
        "y" : -0.35999999999999999,
        "z" : -40
      },
      "rotation" : {
        "x" : 0,
        "y" : 0,
        "z" : 0
      },
      "scale" : 0.25
    },
    {
      "image" : "../../../shared/head_in_clouds/cloudA.heic",
      "position" : {
        "x" : -0.47999999999999998,
        "y" : -0.35999999999999999,
        "z" : 40
      },
      "rotation" : {
        "x" : 0,
        "y" : 0,
        "z" : 0
      },
      "scale" : 0.29999999999999999
    },
    {
      "image" : "../../../shared/head_in_clouds/cloudC.heic",
      "position" : {
        "x" : -0.62,
        "y" : 0.40000000000000002,
        "z" : -40
      },
      "rotation" : {
        "x" : 0,
        "y" : 0,
        "z" : 0
      },
      "scale" : 0.29999999999999999
    },
    {
      "image" : "../../../shared/head_in_clouds/cloudD.heic",
      "position" : {
        "x" : 0.40000000000000002,
        "y" : 0.47999999999999998,
        "z" : 40
      },
      "rotation" : {
        "x" : 0,
        "y" : 0,
        "z" : 0
      },
      "scale" : 0.29999999999999999
    }
  ]
}