{
  "camera" : {
    "name" : "stickerCam",
    "scene" : "../../../shared/cam.scnz"
  },
  "emoji" : "😉",
  "identifier" : "winking_face",
  "options" : {
    "duration" : 1
  },
  "physicsState" : {
    "cat" : {
      "L_ear_DYN" : {
        "offset" : [
          -0.33523178100585938,
          0.00074052810668945312,
          -0.00028061866760253906
        ]
      },
      "R_ear_DYN" : {
        "offset" : [
          0.33689498901367188,
          0.00088977813720703125,
          -0.00033259391784667969
        ]
      }
    },
    "dog" : {
      "L_ear_DYN" : {
        "offset" : [
          -0.015399932861328125,
          0.69707107543945312,
          -0.097397089004516602
        ]
      },
      "R_ear_DYN" : {
        "offset" : [
          0.028070449829101562,
          0.66687202453613281,
          0.10191750526428223
        ]
      }
    },
    "lion" : {
      "bottomMane_DYN" : {
        "offset" : [
          -0.0155181884765625,
          0.561043381690979,
          -0.074541568756103516
        ]
      },
      "L_lowerMane_DYN" : {
        "offset" : [
          -0.017309188842773438,
          0.5516815185546875,
          -0.0735626220703125
        ]
      },
      "R_lowerMane_DYN" : {
        "offset" : [
          0.019038200378417969,
          0.54234790802001953,
          0.075739860534667969
        ]
      }
    },
    "mouse" : {
      "L_ear_DYN" : {
        "offset" : [
          -0.63361167907714844,
          -0.30424308776855469,
          -0.083404064178466797
        ]
      },
      "L_whisker_DYN" : {
        "offset" : [
          -0.71807098388671875,
          0.0020875930786132812,
          -0.0013036727905273438
        ]
      },
      "R_ear_DYN" : {
        "offset" : [
          0.63350009918212891,
          0.30821418762207031,
          0.081561803817749023
        ]
      },
      "R_whisker_DYN" : {
        "offset" : [
          0.7215733528137207,
          0.0018663406372070312,
          -0.0011358261108398438
        ]
      }
    },
    "octopus" : {
      "L_tentacleA_DYN" : {
        "offset" : [
          -1.7005691528320312,
          0.23649072647094727,
          -1.0955774784088135
        ]
      },
      "L_tentacleB_DYN" : {
        "offset" : [
          -1.6407804489135742,
          0.34292984008789062,
          -0.42657893896102905
        ]
      },
      "L_tentacleC_DYN" : {
        "offset" : [
          -1.6411352157592773,
          0.34892463684082031,
          0.3833792507648468
        ]
      },
      "L_tentacleD_DYN" : {
        "offset" : [
          -1.6966495513916016,
          0.24222469329833984,
          1.0773342847824097
        ]
      },
      "R_tentacleA_DYN" : {
        "offset" : [
          1.7256402969360352,
          0.08440399169921875,
          -1.0769319534301758
        ]
      },
      "R_tentacleB_DYN" : {
        "offset" : [
          1.6702566146850586,
          0.2015233039855957,
          -0.18239091336727142
        ]
      },
      "R_tentacleC_DYN" : {
        "offset" : [
          1.7030925750732422,
          0.13941431045532227,
          0.83854770660400391
        ]
      },
      "R_tentacleD_DYN" : {
        "offset" : [
          1.7578020095825195,
          -0.055675983428955078,
          1.2984523773193359
        ]
      },
      "tongue_DYN" : {
        "offset" : [
          0.001227259635925293,
          0.4965522289276123,
          -6.103515625e-05
        ]
      }
    },
    "owl" : {
      "L_hair_DYN" : {
        "offset" : [
          -1.2310276031494141,
          0.79827785491943359,
          0.18158447742462158
        ]
      },
      "R_hair_DYN" : {
        "offset" : [
          1.2266178131103516,
          -0.80170536041259766,
          -0.17661440372467041
        ]
      },
      "tongue_DYN" : {
        "offset" : [
          0.0012326017022132874,
          0.68753433227539062,
          -0.0017299652099609375
        ]
      }
    },
    "robot" : {
      "tongue_DYN" : {
        "offset" : [
          -0.00042289495468139648,
          -0.44138073921203613,
          -2.193450927734375e-05
        ]
      }
    },
    "shark" : {
      "dorsalFin_DYN" : {
        "offset" : [
          -2.0299434661865234,
          -0.021512031555175781,
          0.0081052789464592934
        ]
      },
      "L_pectoralFin_DYN" : {
        "offset" : [
          -1.7245535850524902,
          0.0085921287536621094,
          0.24313163757324219
        ]
      },
      "R_pectoralFin_DYN" : {
        "offset" : [
          1.7251887321472168,
          -0.014649391174316406,
          -0.2402496337890625
        ]
      },
      "tongue_DYN" : {
        "offset" : [
          0.0010962486267089844,
          0.7724144458770752,
          -0.0012731552124023438
        ]
      }
    },
    "skull" : {
      "jaw_DYN" : {
        "offset" : [
          0.87624597549438477,
          0.0003452301025390625,
          -5.817413330078125e-05
        ]
      },
      "tongue_DYN" : {
        "offset" : [
          0.00065088272094726562,
          -0.61338710784912109,
          2.6702880859375e-05
        ]
      }
    }
  },
  "pose" : {
    "bakedAnimationBlendFactor" : 0,
    "browDown_L" : 1,
    "browInnerUp" : 0.1334858238697052,
    "browOuterUp_R" : 0.39944911003112793,
    "cheekSquint_L" : 1,
    "cheekSquint_R" : 0.26446273922920227,
    "eyeBlink_L" : 1,
    "eyeBlink_R" : 0.077465243637561798,
    "eyeLookDown_L" : 0.060606066137552261,
    "eyeLookDown_R" : 0.063360877335071564,
    "eyeLookIn_R" : 0.15977963805198669,
    "eyeLookOut_L" : 0.15151515603065491,
    "eyeSquint_L" : 0.96108216047286987,
    "eyeSquint_R" : 0.22865022718906403,
    "jawOpen" : 0.45730021595954895,
    "mouthDimple_L" : 0.96969687938690186,
    "mouthDimple_R" : 0.61707991361618042,
    "mouthLeft" : 0.34999999403953552,
    "mouthSmile_L" : 1,
    "mouthSmile_R" : 0.66150742769241333,
    "neckOrientation" : [
      -0.0063716759905219078,
      -0.06563238799571991,
      -0.096178814768791199,
      0.99317747354507446
    ],
    "neckPosition" : [
      0,
      0,
      0
    ],
    "noseSneer_L" : 0.21253287792205811
  },
  "props" : [

  ]
}