{
  "camera" : {
    "name" : "stickerCam",
    "scene" : "../../../shared/cam.scnz"
  },
  "emoji" : "😢",
  "identifier" : "crying_face",
  "options" : {
    "duration" : 1
  },
  "physicsState" : {
    "octopus" : {
      "L_tentacleA_DYN" : {
        "offset" : [
          -1.6808414459228516,
          -0.061376571655273438,
          0.72098571062088013
        ]
      },
      "L_tentacleB_DYN" : {
        "offset" : [
          -1.6646795272827148,
          -0.14752626419067383,
          0.22701548039913177
        ]
      },
      "L_tentacleC_DYN" : {
        "offset" : [
          -1.6663150787353516,
          -0.13086509704589844,
          -0.40699324011802673
        ]
      },
      "L_tentacleD_DYN" : {
        "offset" : [
          -1.6914958953857422,
          -0.019515037536621094,
          -0.79932987689971924
        ]
      },
      "R_tentacleA_DYN" : {
        "offset" : [
          1.6529951095581055,
          -0.14592647552490234,
          0.65727412700653076
        ]
      },
      "R_tentacleB_DYN" : {
        "offset" : [
          1.6421747207641602,
          -0.20946073532104492,
          0.18995179235935211
        ]
      },
      "R_tentacleC_DYN" : {
        "offset" : [
          1.6381893157958984,
          -0.1987767219543457,
          -0.34686034917831421
        ]
      },
      "R_tentacleD_DYN" : {
        "offset" : [
          1.6728782653808594,
          -0.11032772064208984,
          -0.75479263067245483
        ]
      },
      "tongue_DYN" : {
        "offset" : [
          -0.00080001354217529297,
          0.4965519905090332,
          -4.76837158203125e-07
        ]
      }
    }
  },
  "pose" : {
    "bakedAnimationBlendFactor" : 0,
    "browDown_L" : 0.88209950923919678,
    "browDown_R" : 0.84350460767745972,
    "browInnerUp" : 0.94429868459701538,
    "cheekPuff" : 0.12121210247278214,
    "cheekSquint_L" : 0.2837468683719635,
    "cheekSquint_R" : 0.22865039110183716,
    "eyeLookDown_L" : 0.085399441421031952,
    "eyeLookDown_R" : 0.074380174279212952,
    "eyeSquint_L" : 0.45801553130149841,
    "eyeSquint_R" : 0.4087696373462677,
    "jawOpen" : 0.059594649821519852,
    "mouthDimple_L" : 0.16528920829296112,
    "mouthDimple_R" : 0.21212121844291687,
    "mouthFrown_L" : 0.4250946044921875,
    "mouthFrown_R" : 0.3725435733795166,
    "mouthLeft" : 0.093663915991783142,
    "mouthPress_L" : 0.18457300961017609,
    "mouthPress_R" : 0.27823710441589355,
    "mouthShrugLower" : 0.49311277270317078,
    "mouthShrugUpper" : 0.49035823345184326,
    "mouthStretch_L" : 0.80991733074188232,
    "mouthStretch_R" : 0.68595039844512939,
    "neckOrientation" : [
      0,
      0,
      0.061048541218042374,
      0.9981347918510437
    ],
    "neckPosition" : [
      0,
      0,
      0
    ]
  },
  "props" : [
    {
      "image" : "../../../shared/crying_face/crying_tear.heic",
      "position" : {
        "x" : 0.050000000000000003,
        "y" : 0.10000000000000001,
        "z" : 18
      },
      "renderLast" : false
    }
  ]
}