{
  "camera" : {
    "name" : "stickerCam",
    "scene" : "../../../shared/cam.scnz"
  },
  "emoji" : "😯",
  "identifier" : "hushed_face",
  "options" : {
    "duration" : 1
  },
  "physicsState" : {
    "cat" : {
      "L_ear_DYN" : {
        "offset" : [
          -0.3358154296875,
          -0.00010156631469726562,
          -0.00041508674621582031
        ]
      },
      "R_ear_DYN" : {
        "offset" : [
          0.33580589294433594,
          0.00010204315185546875,
          0.00041484832763671875
        ]
      }
    },
    "dog" : {
      "L_ear_DYN" : {
        "offset" : [
          -0.0047931671142578125,
          0.006275177001953125,
          0.34645867347717285
        ]
      },
      "R_ear_DYN" : {
        "offset" : [
          0.004791259765625,
          -0.0062713623046875,
          -0.34645891189575195
        ]
      }
    },
    "dragon" : {
      "L_mustache_DYN" : {
        "offset" : [
          -0.35228157043457031,
          0,
          0.00033855438232421875
        ]
      },
      "L_upperTendrils_DYN" : {
        "offset" : [
          -0.49329853057861328,
          -0.00041246414184570312,
          -9.1552734375e-05
        ]
      },
      "R_mustache_DYN" : {
        "offset" : [
          0.35228157043457031,
          1.9073486328125e-06,
          -0.000339508056640625
        ]
      },
      "R_upperTendrils_DYN" : {
        "offset" : [
          0.49329566955566406,
          0.00041437149047851562,
          9.0122222900390625e-05
        ]
      }
    },
    "mouse" : {
      "L_ear_DYN" : {
        "offset" : [
          -0.63263607025146484,
          -0.30598831176757812,
          -0.083151817321777344
        ]
      },
      "L_whisker_DYN" : {
        "offset" : [
          -0.72030496597290039,
          3.337860107421875e-06,
          0.0003833770751953125
        ]
      },
      "R_ear_DYN" : {
        "offset" : [
          0.63263702392578125,
          0.30597782135009766,
          0.083211779594421387
        ]
      },
      "R_whisker_DYN" : {
        "offset" : [
          0.72030735015869141,
          -1.9073486328125e-06,
          -0.0003833770751953125
        ]
      }
    },
    "octopus" : {
      "L_tentacleA_DYN" : {
        "offset" : [
          -1.6351404190063477,
          0.12760400772094727,
          0.31715723872184753
        ]
      },
      "L_tentacleB_DYN" : {
        "offset" : [
          -1.6659975051879883,
          0.058705806732177734,
          0.57254868745803833
        ]
      },
      "L_tentacleC_DYN" : {
        "offset" : [
          -1.6677637100219727,
          -0.036519050598144531,
          0.55518323183059692
        ]
      },
      "L_tentacleD_DYN" : {
        "offset" : [
          -1.6588373184204102,
          -0.10970878601074219,
          0.2307383120059967
        ]
      },
      "R_tentacleA_DYN" : {
        "offset" : [
          1.635136604309082,
          -0.12760591506958008,
          -0.3171592652797699
        ]
      },
      "R_tentacleB_DYN" : {
        "offset" : [
          1.6659965515136719,
          -0.058707714080810547,
          -0.57254737615585327
        ]
      },
      "R_tentacleC_DYN" : {
        "offset" : [
          1.6677579879760742,
          0.036517620086669922,
          -0.55518555641174316
        ]
      },
      "R_tentacleD_DYN" : {
        "offset" : [
          1.6588354110717773,
          0.10970735549926758,
          -0.23073747754096985
        ]
      },
      "tongue_DYN" : {
        "offset" : [
          2.2204460492503131e-16,
          0.49656176567077637,
          0.0003528594970703125
        ]
      }
    },
    "owl" : {
      "L_hair_DYN" : {
        "offset" : [
          -1.2294197082519531,
          0.8007807731628418,
          0.17932808399200439
        ]
      },
      "R_hair_DYN" : {
        "offset" : [
          1.2294368743896484,
          -0.80075359344482422,
          -0.1793971061706543
        ]
      },
      "tongue_DYN" : {
        "offset" : [
          0,
          0.68754243850708008,
          0.0010433197021484375
        ]
      }
    },
    "robot" : {
      "tongue_DYN" : {
        "offset" : [
          0,
          -0.44138026237487793,
          -4.1961669921875e-05
        ]
      }
    },
    "shark" : {
      "dorsalFin_DYN" : {
        "offset" : [
          -2.0333566665649414,
          -0.018400192260742188,
          2.1179005216254154e-09
        ]
      },
      "L_pectoralFin_DYN" : {
        "offset" : [
          -1.7249932289123535,
          0.012782573699951172,
          0.24045228958129883
        ]
      },
      "R_pectoralFin_DYN" : {
        "offset" : [
          1.7247672080993652,
          -0.012800693511962891,
          -0.24041843414306641
        ]
      },
      "tongue_DYN" : {
        "offset" : [
          4.2808886335554729e-17,
          0.77241373062133789,
          0.00147247314453125
        ]
      }
    },
    "skull" : {
      "jaw_DYN" : {
        "offset" : [
          0.87626791000366211,
          -2.1115573645147379e-07,
          0.00016260147094726562
        ]
      },
      "tongue_DYN" : {
        "offset" : [
          0,
          -0.6133880615234375,
          -7.724761962890625e-05
        ]
      }
    }
  },
  "pose" : {
    "bakedAnimationBlendFactor" : 0,
    "browInnerUp" : 0.85993576049804688,
    "browOuterUp_L" : 0.98789387941360474,
    "browOuterUp_R" : 0.98789387941360474,
    "eyeLookDown_L" : 0.16306468844413757,
    "eyeLookDown_R" : 0.16699407994747162,
    "eyeWide_L" : 0.99044567346572876,
    "eyeWide_R" : 0.68591636419296265,
    "jawOpen" : 0.87622779607772827,
    "mouthClose" : 0.25,
    "mouthFrown_L" : 0.18952083587646484,
    "mouthFrown_R" : 0.2097478061914444,
    "mouthFunnel" : 0.25,
    "mouthLowerDown_L" : 0.51669937372207642,
    "mouthLowerDown_R" : 0.51866400241851807,
    "mouthPucker" : 0.25,
    "neckOrientation" : [
      0.044207267463207245,
      0,
      0,
      0.99902242422103882
    ],
    "neckPosition" : [
      0,
      0,
      0
    ]
  },
  "props" : [

  ]
}