{
  "emoji" : "😁",
  "identifier" : "proud",
  "physicsState" : {
    "boar" : {
      "L_ear_DYN" : {
        "offset" : [
          -0.75945854187011719,
          -0.033873081207275391,
          0.13453090190887451
        ]
      },
      "R_ear_DYN" : {
        "offset" : [
          0.75910186767578125,
          0.034155845642089844,
          -0.13558483123779297
        ]
      },
      "tongue_DYN" : {
        "offset" : [
          0.00020486116409301758,
          0.4965519905090332,
          -5.7220458984375e-06
        ]
      }
    },
    "cat" : {
      "L_ear_DYN" : {
        "offset" : [
          -0.33587455749511719,
          -3.1948089599609375e-05,
          0.00038576126098632812
        ]
      },
      "R_ear_DYN" : {
        "offset" : [
          0.33600425720214844,
          0.00022745132446289062,
          -0.00081706047058105469
        ]
      }
    },
    "dog" : {
      "L_ear_DYN" : {
        "offset" : [
          -0.011865615844726562,
          0.078927993774414062,
          -0.55372512340545654
        ]
      },
      "R_ear_DYN" : {
        "offset" : [
          0.013125419616699219,
          0.046415328979492188,
          0.55610954761505127
        ]
      }
    },
    "dragon" : {
      "L_mustache_DYN" : {
        "offset" : [
          -0.3526458740234375,
          0.00025653839111328125,
          -0.00078487396240234375
        ]
      },
      "L_upperTendrils_DYN" : {
        "offset" : [
          -0.49436664581298828,
          0.0005512237548828125,
          0.00022125244140625
        ]
      },
      "R_mustache_DYN" : {
        "offset" : [
          0.35241317749023438,
          -0.0001621246337890625,
          5.054473876953125e-05
        ]
      },
      "R_upperTendrils_DYN" : {
        "offset" : [
          0.49294185638427734,
          8.0108642578125e-05,
          -0.0013055801391601562
        ]
      }
    },
    "lion" : {
      "bottomMane_DYN" : {
        "offset" : [
          -0.008514404296875,
          0.051561266183853149,
          -0.41621041297912598
        ]
      },
      "L_lowerMane_DYN" : {
        "offset" : [
          -0.010244369506835938,
          0.056890487670898438,
          -0.41573047637939453
        ]
      },
      "R_lowerMane_DYN" : {
        "offset" : [
          0.010417938232421875,
          0.043609619140625,
          0.41686487197875977
        ]
      }
    },
    "memoji" : {
      "lowerBack_DYN" : {
        "offset" : [
          -0.025386810302734375,
          0.95952224731445312,
          0.156328946352005
        ]
      },
      "lowerBackLeft_DYN" : {
        "offset" : [
          -0.042536735534667969,
          0.79007625579833984,
          -0.79759001731872559
        ]
      },
      "lowerBackRight_DYN" : {
        "offset" : [
          -0.058108329772949219,
          0.63929271697998047,
          1.0372345447540283
        ]
      },
      "lowerFront_DYN" : {
        "offset" : [
          -0.075846672058105469,
          1.0093264579772949,
          0.18945816159248352
        ]
      },
      "lowerFrontLeft_DYN" : {
        "offset" : [
          -0.10160446166992188,
          -0.56915473937988281,
          -1.1693457365036011
        ]
      },
      "lowerFrontRight_DYN" : {
        "offset" : [
          -0.094424247741699219,
          -0.76516485214233398,
          0.93035215139389038
        ]
      },
      "lowerLeft_DYN" : {
        "offset" : [
          -0.09206390380859375,
          0.18920755386352539,
          -1.3653522729873657
        ]
      },
      "lowerRight_DYN" : {
        "offset" : [
          -0.10055923461914062,
          0.051061630249023438,
          -1.3980824947357178
        ]
      }
    },
    "mouse" : {
      "L_ear_DYN" : {
        "offset" : [
          -0.63280868530273438,
          -0.30573463439941406,
          -0.082053065299987793
        ]
      },
      "L_whisker_DYN" : {
        "offset" : [
          -0.72004127502441406,
          0.00045156478881835938,
          -0.0014972686767578125
        ]
      },
      "R_ear_DYN" : {
        "offset" : [
          0.63262081146240234,
          0.3060455322265625,
          0.080728530883789062
        ]
      },
      "R_whisker_DYN" : {
        "offset" : [
          0.72029256820678711,
          7.915496826171875e-05,
          -0.00042438507080078125
        ]
      }
    },
    "octopus" : {
      "L_tentacleA_DYN" : {
        "offset" : [
          -1.684086799621582,
          -0.10661172866821289,
          -0.70338237285614014
        ]
      },
      "L_tentacleB_DYN" : {
        "offset" : [
          -1.7082252502441406,
          0.040211200714111328,
          -0.97255611419677734
        ]
      },
      "L_tentacleC_DYN" : {
        "offset" : [
          -1.6690292358398438,
          0.17698240280151367,
          -0.75749939680099487
        ]
      },
      "L_tentacleD_DYN" : {
        "offset" : [
          -1.6296300888061523,
          0.2391667366027832,
          -0.194747194647789
        ]
      },
      "R_tentacleA_DYN" : {
        "offset" : [
          1.6711292266845703,
          0.14259052276611328,
          0.49615359306335449
        ]
      },
      "R_tentacleB_DYN" : {
        "offset" : [
          1.7101898193359375,
          0.013391017913818359,
          0.93851321935653687
        ]
      },
      "R_tentacleC_DYN" : {
        "offset" : [
          1.6769523620605469,
          -0.1351923942565918,
          0.88151729106903076
        ]
      },
      "R_tentacleD_DYN" : {
        "offset" : [
          1.6499414443969727,
          -0.22945356369018555,
          0.41511005163192749
        ]
      },
      "tongue_DYN" : {
        "offset" : [
          0.00036245584487915039,
          0.49655461311340332,
          0.0016231536865234375
        ]
      }
    },
    "owl" : {
      "L_hair_DYN" : {
        "offset" : [
          -1.2300205230712891,
          0.8001551628112793,
          0.17986714839935303
        ]
      },
      "R_hair_DYN" : {
        "offset" : [
          1.2293777465820312,
          -0.79988527297973633,
          -0.17848062515258789
        ]
      },
      "tongue_DYN" : {
        "offset" : [
          0.00039585493505001068,
          0.68753623962402344,
          0.0017070770263671875
        ]
      }
    },
    "robot" : {
      "tongue_DYN" : {
        "offset" : [
          -7.1182847023010254e-05,
          -0.44138026237487793,
          -4.863739013671875e-05
        ]
      }
    },
    "shark" : {
      "dorsalFin_DYN" : {
        "offset" : [
          -2.0286588668823242,
          -0.025162696838378906,
          0.0023740238975733519
        ]
      },
      "L_pectoralFin_DYN" : {
        "offset" : [
          -1.725039005279541,
          0.0096864700317382812,
          0.24440097808837891
        ]
      },
      "R_pectoralFin_DYN" : {
        "offset" : [
          1.7244234085083008,
          -0.010045051574707031,
          -0.24111175537109375
        ]
      },
      "tongue_DYN" : {
        "offset" : [
          0.00036157667636871338,
          0.7724156379699707,
          0.001689910888671875
        ]
      }
    },
    "skull" : {
      "jaw_DYN" : {
        "offset" : [
          0.87626504898071289,
          2.5033950805664062e-05,
          -0.000263214111328125
        ]
      },
      "tongue_DYN" : {
        "offset" : [
          9.8809599876403809e-05,
          -0.6133875846862793,
          -1.9073486328125e-05
        ]
      }
    },
    "unicorn" : {
      "L_ear_DYN" : {
        "offset" : [
          -0.59739494323730469,
          -0.00058984756469726562,
          0.0004100799560546875
        ]
      },
      "R_ear_DYN" : {
        "offset" : [
          0.59773540496826172,
          -4.8398971557617188e-05,
          -0.0013861656188964844
        ]
      }
    }
  },
  "pose" : {
    "bakedAnimationBlendFactor" : 0,
    "browInnerUp" : 0.80573272705078125,