{
  "camera" : {
    "name" : "stickerCam",
    "scene" : "../../../shared/cam.scnz"
  },
  "emoji" : "🤣",
  "identifier" : "face_with_tears_of_joy",
  "options" : {
    "duration" : 1
  },
  "physicsState" : {
    "octopus" : {
      "L_tentacleA_DYN" : {
        "offset" : [
          -1.6699619293212891,
          -0.11776161193847656,
          -0.528053879737854
        ]
      },
      "L_tentacleB_DYN" : {
        "offset" : [
          -1.6976385116577148,
          0.0044269561767578125,
          -0.84631127119064331
        ]
      },
      "L_tentacleC_DYN" : {
        "offset" : [
          -1.6649208068847656,
          0.13264369964599609,
          -0.73074328899383545
        ]
      },
      "L_tentacleD_DYN" : {
        "offset" : [
          -1.6396598815917969,
          0.20602750778198242,
          -0.27483904361724854
        ]
      },
      "R_tentacleA_DYN" : {
        "offset" : [
          1.6699609756469727,
          0.11776161193847656,
          0.52805304527282715
        ]
      },
      "R_tentacleB_DYN" : {
        "offset" : [
          1.6976327896118164,
          -0.0044312477111816406,
          0.84631341695785522
        ]
      },
      "R_tentacleC_DYN" : {
        "offset" : [
          1.6649131774902344,
          -0.13264608383178711,
          0.73074054718017578
        ]
      },
      "R_tentacleD_DYN" : {
        "offset" : [
          1.639653205871582,
          -0.20603275299072266,
          0.27484077215194702
        ]
      },
      "tongue_DYN" : {
        "offset" : [
          4.4408920985006262e-16,
          0.49653530120849609,
          0.0011706352233886719
        ]
      }
    }
  },
  "pose" : {
    "bakedAnimationBlendFactor" : 0,
    "browDown_L" : 1,
    "browDown_R" : 1,
    "browInnerUp" : 0.67255085706710815,
    "browOuterUp_L" : 0.2818952202796936,
    "browOuterUp_R" : 0.27548208832740784,
    "cheekSquint_L" : 0.93215173482894897,
    "cheekSquint_R" : 1,
    "eyeBlink_L" : 1,
    "eyeBlink_R" : 1,
    "eyeSquint_L" : 1,
    "eyeSquint_R" : 0.94561862945556641,
    "jawOpen" : 0.55184805393218994,
    "mouthDimple_L" : 1,
    "mouthDimple_R" : 1,
    "mouthSmile_L" : 1,
    "mouthSmile_R" : 1,
    "mouthUpperUp_L" : 0.61368203163146973,
    "mouthUpperUp_R" : 0.58904117345809937,
    "neckOrientation" : [
      -0.062898218631744385,
      0,
      0,
      0.99801993370056152
    ],
    "neckPosition" : [
      0,
      0,
      0
    ]
  },
  "props" : [
    {
      "image" : "../../../shared/face_with_tears_of_joy/tears.heic",
      "position" : {
        "x" : 0,
        "y" : 0.13,
        "z" : 20
      },
      "scale" : 0.84999999999999998
    }
  ]
}