{
  "emoji" : "😮",
  "identifier" : "surprise",
  "physicsState" : {
    "boar" : {
      "L_ear_DYN" : {
        "offset" : [
          -0.75963592529296875,
          -0.033476352691650391,
          0.13405704498291016
        ]
      },
      "R_ear_DYN" : {
        "offset" : [
          0.7593536376953125,
          0.034914970397949219,
          -0.13515686988830566
        ]
      },
      "tongue_DYN" : {
        "offset" : [
          0.00054192543029785156,
          0.4965519905090332,
          -0.001758575439453125
        ]
      }
    },
    "cat" : {
      "L_ear_DYN" : {
        "offset" : [
          -0.33554267883300781,
          0.00038385391235351562,
          3.147125244140625e-05
        ]
      },
      "R_ear_DYN" : {
        "offset" : [
          0.33646202087402344,
          0.00058031082153320312,
          -0.00041937828063964844
        ]
      }
    },
    "dog" : {
      "L_ear_DYN" : {
        "offset" : [
          -0.00415802001953125,
          0.356353759765625,
          -0.21748614311218262
        ]
      },
      "R_ear_DYN" : {
        "offset" : [
          0.010975837707519531,
          0.34366798400878906,
          0.22252583503723145
        ]
      }
    },
    "dragon" : {
      "L_mustache_DYN" : {
        "offset" : [
          -0.35249948501586914,
          0.00058889389038085938,
          -0.0004405975341796875
        ]
      },
      "L_upperTendrils_DYN" : {
        "offset" : [
          -0.49489402770996094,
          0.000705718994140625,
          -5.7220458984375e-06
        ]
      },
      "R_mustache_DYN" : {
        "offset" : [
          0.35254669189453125,
          0.0003528594970703125,
          -0.00016021728515625
        ]
      },
      "R_upperTendrils_DYN" : {
        "offset" : [
          0.49243640899658203,
          0.0007038116455078125,
          -0.00088739395141601562
        ]
      }
    },
    "lion" : {
      "bottomMane_DYN" : {
        "offset" : [
          -0.0053262710571289062,
          0.28780585527420044,
          -0.1649317741394043
        ]
      },
      "L_lowerMane_DYN" : {
        "offset" : [
          -0.0058088302612304688,
          0.28273773193359375,
          -0.16378927230834961
        ]
      },
      "R_lowerMane_DYN" : {
        "offset" : [
          0.0067625045776367188,
          0.27834987640380859,
          0.16617369651794434
        ]
      }
    },
    "memoji" : {
      "lowerBack_DYN" : {
        "offset" : [
          -0.042153358459472656,
          0.41624879837036133,
          0.92219281196594238
        ]
      },
      "lowerBackLeft_DYN" : {
        "offset" : [
          -0.011674880981445312,
          0.74485588073730469,
          0.26995515823364258
        ]
      },
      "lowerBackRight_DYN" : {
        "offset" : [
          -0.065690040588378906,
          -0.16334629058837891,
          1.0862022638320923
        ]
      },
      "lowerFront_DYN" : {
        "offset" : [
          -0.064716339111328125,
          0.35757637023925781,
          0.9950331449508667
        ]
      },
      "lowerFrontLeft_DYN" : {
        "offset" : [
          -0.051641464233398438,
          0.24356603622436523,
          -1.0438857078552246
        ]
      },
      "lowerFrontRight_DYN" : {
        "offset" : [
          -0.055599212646484375,
          -0.76633882522583008,
          -0.31133174896240234
        ]
      },
      "lowerLeft_DYN" : {
        "offset" : [
          -0.021033287048339844,
          0.6782832145690918,
          -0.51580810546875
        ]
      },
      "lowerRight_DYN" : {
        "offset" : [
          -0.056133270263671875,
          0.6780095100402832,
          -0.58900284767150879
        ]
      }
    },
    "mouse" : {
      "L_ear_DYN" : {
        "offset" : [
          -0.6331024169921875,
          -0.30495738983154297,
          -0.082682132720947266
        ]
      },
      "L_whisker_DYN" : {
        "offset" : [
          -0.71915292739868164,
          0.0012254714965820312,
          -0.0009365081787109375
        ]
      },
      "R_ear_DYN" : {
        "offset" : [
          0.63293361663818359,
          0.30710887908935547,
          0.081557989120483398
        ]
      },
      "R_whisker_DYN" : {
        "offset" : [
          0.72118282318115234,
          0.00098466873168945312,
          -0.0005207061767578125
        ]
      }
    },
    "octopus" : {
      "L_tentacleA_DYN" : {
        "offset" : [
          -1.6718959808349609,
          0.055137157440185547,
          -0.76345258951187134
        ]
      },
      "L_tentacleB_DYN" : {
        "offset" : [
          -1.6565465927124023,
          0.15590047836303711,
          -0.50334161520004272
        ]
      },
      "L_tentacleC_DYN" : {
        "offset" : [
          -1.6328639984130859,
          0.19663667678833008,
          -0.035422038286924362
        ]
      },
      "L_tentacleD_DYN" : {
        "offset" : [
          -1.6444272994995117,
          0.16149282455444336,
          0.46517759561538696
        ]
      },
      "R_tentacleA_DYN" : {
        "offset" : [
          1.6611785888671875,
          0.12556552886962891,
          -0.36225554347038269
        ]
      },
      "R_tentacleB_DYN" : {
        "offset" : [
          1.6649532318115234,
          0.13818073272705078,
          0.22320030629634857
        ]
      },
      "R_tentacleC_DYN" : {
        "offset" : [
          1.6742696762084961,
          0.057359218597412109,
          0.67041242122650146
        ]
      },
      "R_tentacleD_DYN" : {
        "offset" : [
          1.6826381683349609,
          -0.066138744354248047,
          0.74524664878845215
        ]
      },
      "tongue_DYN" : {
        "offset" : [
          0.00051239132881164551,
          0.4965672492980957,
          -0.0021529197692871094
        ]
      }
    },
    "owl" : {
      "L_hair_DYN" : {
        "offset" : [
          -1.2303485870361328,
          0.79967355728149414,
          0.17991793155670166
        ]
      },
      "R_hair_DYN" : {
        "offset" : [
          1.2284431457519531,
          -0.80068516731262207,
          -0.17865192890167236
        ]
      },
      "tongue_DYN" : {
        "offset" : [
          0.00077344104647636414,
          0.68752765655517578,
          0.0002841949462890625
        ]
      }
    },
    "robot" : {
      "tongue_DYN" : {
        "offset" : [
          -0.00021687150001525879,
          -0.44137978553771973,
          -4.291534423828125e-05
        ]
      }
    },
    "shark" : {
      "dorsalFin_DYN" : {
        "offset" : [
          -2.0301189422607422,
          -0.022643089294433594,
          0.0046846875920891762
        ]
      },
      "L_pectoralFin_DYN" : {
        "offset" : [
          -1.7246055603027344,
          0.0094676017761230469,
          0.24281215667724609
        ]
      },
      "R_pectoralFin_DYN" : {
        "offset" : [
          1.724754810333252,
          -0.012593746185302734,
          -0.2410888671875
        ]
      },
      "tongue_DYN" : {
        "offset" : [
          0.00075471401214599609,
          0.77240800857543945,
          0.0014905929565429688
        ]
      }
    },
    "skull" : {
      "jaw_DYN" : {
        "offset" : [
          0.87626743316650391,
          0.00017708539962768555,
          -0.0001068115234375
        ]
      },
      "tongue_DYN" : {
        "offset" : [
          0.0002472996711730957,
          -0.61338996887207031,
          -0.0010929107666015625
        ]
      }
    },
    "unicorn" : {
      "L_ear_DYN" : {
        "offset" : [
          -0.597137451171875,
          0.00010752677917480469,
          -0.00035858154296875
        ]
      },
      "R_ear_DYN" : {
        "offset" : [
          0.59759616851806641,
          0.0005702972412109375,
          -0.00093507766723632812
        ]
      }
    }
  },
  "pose" : {
    "bakedAnimationBlendFactor" : 0,
    "browInnerUp" : 0.98089170455932617,