{
  "camera" : {
    "name" : "stickerCam",
    "scene" : "../../../shared/cam.scnz"
  },
  "emoji" : "😴",
  "identifier" : "sleeping_face",
  "options" : {
    "duration" : 1
  },
  "physicsState" : {
    "owl" : {
      "L_hair_DYN" : {
        "offset" : [
          -1.2298564910888672,
          0.80013465881347656,
          0.17926597595214844
        ]
      },
      "R_hair_DYN" : {
        "offset" : [
          1.2298603057861328,
          -0.80012941360473633,
          -0.17924344539642334
        ]
      },
      "tongue_DYN" : {
        "offset" : [
          0,
          0.68752098083496094,
          -0.00011444091796875
        ]
      }
    }
  },
  "pose" : {
    "bakedAnimationBlendFactor" : 0,
    "eyeBlink_L" : 1,
    "eyeBlink_R" : 1,
    "jawOpen" : 0.20185458660125732,
    "mouthSmile_L" : 0.19559231400489807,
    "mouthSmile_R" : 0.22038573026657104,
    "mouthStretch_L" : 0.02627808041870594,
    "neckOrientation" : [
      -0.066273912787437439,
      0,
      0,
      0.99780154228210449
    ],
    "neckPosition" : [
      0,
      0,
      0
    ]
  },
  "props" : [
    {
      "image" : "../../../shared/sleeping_face/zs.heic",
      "position" : {
        "x" : 0,
        "y" : 0.050000000000000003,
        "z" : 20
      }
    }
  ]
}