{
  "camera" : {
    "name" : "stickerCam",
    "scene" : "../../../shared/cam.scnz"
  },
  "emoji" : "😍",
  "identifier" : "smiling_face_with_heart-shaped_eyes",
  "options" : {
    "duration" : 1
  },
  "physicsState" : {
    "shark" : {
      "dorsalFin_DYN" : {
        "offset" : [
          -2.0311203002929688,
          -0.020922660827636719,
          -0.0047285547479987144
        ]
      },
      "L_pectoralFin_DYN" : {
        "offset" : [
          -1.7256340980529785,
          0.014111042022705078,
          0.24208402633666992
        ]
      },
      "R_pectoralFin_DYN" : {
        "offset" : [
          1.7243528366088867,
          -0.0092558860778808594,
          -0.24077415466308594
        ]
      },
      "tongue_DYN" : {
        "offset" : [
          -0.00086140632629394531,
          0.77241420745849609,
          -3.814697265625e-06
        ]
      }
    }
  },
  "pose" : {
    "bakedAnimationBlendFactor" : 0,
    "browInnerUp" : 0.38877007365226746,
    "cheekSquint_L" : 0.5,
    "cheekSquint_R" : 0.5,
    "eyeBlink_L" : 0.25344356894493103,
    "eyeBlink_R" : 0.25619840621948242,
    "eyeSquint_L" : 0.10000000149011612,
    "eyeSquint_R" : 0.10000000149011612,
    "jawOpen" : 0.46424591541290283,
    "mouthDimple_L" : 0.47382906079292297,
    "mouthDimple_R" : 0.52341580390930176,
    "mouthSmile_L" : 0.89242082834243774,
    "mouthSmile_R" : 0.92058825492858887,
    "neckOrientation" : [
      0,
      0,
      0.068307608366012573,
      0.99766433238983154
    ],
    "neckPosition" : [
      0,
      0,
      0
    ]
  },
  "props" : [
    {
      "image" : "../../../shared/smiling_face_with_heart-shaped_eyes/heart.heic",
      "position" : {
        "x" : -0.27500000000000002,
        "y" : 0.125,
        "z" : 30
      },
      "rotation" : 0.62,
      "scale" : 1.1000000000000001
    },
    {
      "image" : "../../../shared/smiling_face_with_heart-shaped_eyes/heart.heic",
      "position" : {
        "x" : 0.27500000000000002,
        "y" : 0.20000000000000001,
        "z" : 30
      },
      "rotation" : -0.27000000000000002,
      "scale" : 1.1000000000000001
    }
  ]
}