{
  "camera" : {
    "name" : "stickerCam",
    "scene" : "../../shared/cam.scnz"
  },
  "emoji" : "😜",
  "identifier" : "winking_face_with_stuck_out_tongue",
  "options" : {
    "duration" : 1
  },
  "physicsState" : {
    "memoji" : {
      "lowerBack_DYN" : {
        "offset" : [
          -0.12277507781982422,
          0.13182163238525391,
          -1.5687317848205566
        ]
      },
      "lowerBackLeft_DYN" : {
        "offset" : [
          -0.1439361572265625,
          -0.77762889862060547,
          -1.3421474695205688
        ]
      },
      "lowerBackRight_DYN" : {
        "offset" : [
          -0.075162887573242188,
          0.90254688262939453,
          -1.0706942081451416
        ]
      },
      "lowerFront_DYN" : {
        "offset" : [
          -0.12523937225341797,
          -0.061815738677978516,
          -1.5732238292694092
        ]
      },
      "lowerFrontLeft_DYN" : {
        "offset" : [
          -0.14053249359130859,
          -0.8410186767578125,
          1.2672712802886963
        ]
      },
      "lowerFrontRight_DYN" : {
        "offset" : [
          -0.080777168273925781,
          0.85699748992919922,
          1.1441226005554199
        ]
      },
      "lowerLeft_DYN" : {
        "offset" : [
          -0.10584640502929688,
          -1.2415995597839355,
          -0.061143748462200165
        ]
      },
      "lowerRight_DYN" : {
        "offset" : [
          -0.042325019836425781,
          -1.1718897819519043,
          -0.047107793390750885
        ]
      }
    }
  },
  "pose" : {
    "bakedAnimationBlendFactor" : 0,
    "browDown_R" : 0.87461799383163452,
    "browInnerUp" : 0.55853772163391113,
    "browOuterUp_L" : 1,
    "cheekSquint_L" : 1,
    "cheekSquint_R" : 1,
    "eyeBlink_R" : 1,
    "eyeLookDown_L" : 0.059999998658895493,
    "eyeLookDown_R" : 0.059999998658895493,
    "eyeLookIn_R" : 0.15999999642372131,
    "eyeLookOut_L" : 0.15999999642372131,
    "eyeSquint_L" : 0.9114687442779541,
    "eyeSquint_R" : 1,
    "eyeWide_L" : 1,
    "jawOpen" : 0.69775247573852539,
    "mouthDimple_L" : 1,
    "mouthDimple_R" : 0.97000002861022949,
    "mouthLeft" : 0.35402417182922363,
    "mouthSmile_L" : 1,
    "mouthSmile_R" : 1,
    "neckOrientation" : [
      -0.006829781923443079,
      -0.046863824129104614,
      0.086557440459728241,
      0.99512052536010742
    ],
    "neckPosition" : [
      0,
      0,
      0
    ],
    "noseSneer_R" : 0.21253287792205811,
    "tongueOut" : 1
  },
  "props" : [

  ]
}