{
  "camera" : {
    "name" : "stickerCam",
    "scene" : "cam.scnz"
  },
  "emoji" : "👎",
  "identifier" : "thumbs_down",
  "options" : {
    "duration" : 1
  },
  "physicsState" : {
    "memoji" : {
      "lowerBack_DYN" : {
        "offset" : [
          -0.024038314819335938,
          -0.016884803771972656,
          0.68374311923980713
        ]
      },
      "lowerBackLeft_DYN" : {
        "offset" : [
          -0.0091905593872070312,
          0.3240666389465332,
          0.50072526931762695
        ]
      },
      "lowerBackRight_DYN" : {
        "offset" : [
          -0.027378082275390625,
          -0.36061477661132812,
          0.46462947130203247
        ]
      },
      "lowerFront_DYN" : {
        "offset" : [
          -0.022302627563476562,
          -0.050403594970703125,
          0.67928266525268555
        ]
      },
      "lowerFrontLeft_DYN" : {
        "offset" : [
          -0.0063734054565429688,
          0.36878347396850586,
          -0.43302834033966064
        ]
      },
      "lowerFrontRight_DYN" : {
        "offset" : [
          -0.027646064758300781,
          -0.30968332290649414,
          -0.53239500522613525
        ]
      },
      "lowerLeft_DYN" : {
        "offset" : [
          -0.000606536865234375,
          0.4773249626159668,
          0.045910008251667023
        ]
      },
      "lowerRight_DYN" : {
        "offset" : [
          -0.023187637329101562,
          0.48815536499023438,
          0.050347458571195602
        ]
      }
    }
  },
  "pose" : {
    "bakedAnimationBlendFactor" : 0,
    "browDown_L" : 0.53434205055236816,
    "browInnerUp" : 0.48699992895126343,
    "browOuterUp_R" : 0.83858644962310791,
    "eyeBlink_L" : 0.54820924997329712,
    "eyeBlink_R" : 0.40220358967781067,
    "eyeLookIn_L" : 0.060606084764003754,
    "eyeLookOut_R" : 0.063360877335071564,
    "eyeSquint_L" : 0.73553729057312012,
    "eyeSquint_R" : 0.60881561040878296,
    "jawOpen" : 0.060606062412261963,
    "mouthDimple_L" : 0.63636380434036255,
    "mouthFrown_L" : 0.14325067400932312,
    "mouthFrown_R" : 0.1542699784040451,
    "mouthLeft" : 0.61157041788101196,
    "mouthShrugLower" : 0.11845719069242477,
    "mouthShrugUpper" : 0.15702477097511292,
    "mouthStretch_L" : 0.096418716013431549,
    "mouthStretch_R" : 0.30303031206130981,
    "mouthUpperUp_L" : 0.25619831681251526,
    "mouthUpperUp_R" : 0.099173560738563538,
    "neckOrientation" : [
      0.001217974815517664,
      0.034878235310316086,
      -0.034878235310316086,
      0.99878197908401489
    ],
    "neckPosition" : [
      0,
      0,
      0
    ]
  },
  "props" : [
    {
      "palettes" : [
        {
          "material" : "skin_MAT",
          "palette" : "skin"
        }
      ],
      "scene" : "thumbsDown.scnz"
    }
  ]
}