{
  "emoji" : "😙",
  "identifier" : "pursed_lips",
  "physicsState" : {
    "boar" : {
      "L_ear_DYN" : {
        "offset" : [
          -0.75994110107421875,
          -0.035665988922119141,
          0.13309407234191895
        ]
      },
      "R_ear_DYN" : {
        "offset" : [
          0.75912666320800781,
          0.0328826904296875,
          -0.13551473617553711
        ]
      },
      "tongue_DYN" : {
        "offset" : [
          -0.0015764236450195312,
          0.49655294418334961,
          0.00150299072265625
        ]
      }
    },
    "cat" : {
      "L_ear_DYN" : {
        "offset" : [
          -0.33668899536132812,
          -0.00083231925964355469,
          -0.00062084197998046875
        ]
      },
      "R_ear_DYN" : {
        "offset" : [
          0.335296630859375,
          -0.00066280364990234375,
          -0.00063538551330566406
        ]
      }
    },
    "dog" : {
      "L_ear_DYN" : {
        "offset" : [
          -0.022522926330566406,
          -0.57784843444824219,
          0.14680337905883789
        ]
      },
      "R_ear_DYN" : {
        "offset" : [
          0.011213302612304688,
          -0.60189628601074219,
          -0.1409904956817627
        ]
      }
    },
    "dragon" : {
      "L_mustache_DYN" : {
        "offset" : [
          -0.35355472564697266,
          -0.00064373016357421875,
          -0.00077152252197265625
        ]
      },
      "L_upperTendrils_DYN" : {
        "offset" : [
          -0.49446964263916016,
          -0.000576019287109375,
          -0.0011687278747558594
        ]
      },
      "R_mustache_DYN" : {
        "offset" : [
          0.35194587707519531,
          -0.00072765350341796875,
          -0.0007534027099609375
        ]
      },
      "R_upperTendrils_DYN" : {
        "offset" : [
          0.49336433410644531,
          -0.00035762786865234375,
          -0.0015778541564941406
        ]
      }
    },
    "lion" : {
      "bottomMane_DYN" : {
        "offset" : [
          -0.011961936950683594,
          -0.48528075218200684,
          0.1075592041015625
        ]
      },
      "L_lowerMane_DYN" : {
        "offset" : [
          -0.014795303344726562,
          -0.46927642822265625,
          0.10912013053894043
        ]
      },
      "R_lowerMane_DYN" : {
        "offset" : [
          0.0132598876953125,
          -0.47689151763916016,
          -0.10633492469787598
        ]
      }
    },
    "memoji" : {
      "lowerBack_DYN" : {
        "offset" : [
          -0.12936687469482422,
          -0.14905309677124023,
          -1.5653741359710693
        ]
      },
      "lowerBackLeft_DYN" : {
        "offset" : [
          -0.123626708984375,
          -0.98095703125,
          -0.98155725002288818
        ]
      },
      "lowerBackRight_DYN" : {
        "offset" : [
          -0.09357452392578125,
          0.68451452255249023,
          -1.3142915964126587
        ]
      },
      "lowerFront_DYN" : {
        "offset" : [
          -0.11750030517578125,
          -0.33538293838500977,
          -1.5361366271972656
        ]
      },
      "lowerFrontLeft_DYN" : {
        "offset" : [
          -0.13978004455566406,
          -0.55603837966918945,
          1.4688260555267334
        ]
      },
      "lowerFrontRight_DYN" : {
        "offset" : [
          -0.057717323303222656,
          0.99214696884155273,
          0.80941736698150635
        ]
      },
      "lowerLeft_DYN" : {
        "offset" : [
          -0.10628986358642578,
          -1.1741671562194824,
          0.40424072742462158
        ]
      },
      "lowerRight_DYN" : {
        "offset" : [
          -0.041773796081542969,
          -1.1206240653991699,
          0.32572725415229797
        ]
      }
    },
    "mouse" : {
      "L_ear_DYN" : {
        "offset" : [
          -0.63288688659667969,
          -0.30775642395019531,
          -0.084517598152160645
        ]
      },
      "L_whisker_DYN" : {
        "offset" : [
          -0.72141265869140625,
          -0.0016055107116699219,
          -0.0023288726806640625
        ]
      },
      "R_ear_DYN" : {
        "offset" : [
          0.63318252563476562,
          0.30420207977294922,
          0.080888926982879639
        ]
      },
      "R_whisker_DYN" : {
        "offset" : [
          0.71648550033569336,
          -0.0016531944274902344,
          -0.0026102066040039062
        ]
      }
    },
    "octopus" : {
      "L_tentacleA_DYN" : {
        "offset" : [
          -1.7317781448364258,
          -0.0033898353576660156,
          1.1182092428207397
        ]
      },
      "L_tentacleB_DYN" : {
        "offset" : [
          -1.6814918518066406,
          -0.15607404708862305,
          0.58830326795578003
        ]
      },
      "L_tentacleC_DYN" : {
        "offset" : [
          -1.6723251342773438,
          -0.18127012252807617,
          -0.32355433702468872
        ]
      },
      "L_tentacleD_DYN" : {
        "offset" : [
          -1.7154970169067383,
          -0.052937030792236328,
          -1.0299621820449829
        ]
      },
      "R_tentacleA_DYN" : {
        "offset" : [
          1.6534414291381836,
          -0.25867986679077148,
          0.72597730159759521
        ]
      },
      "R_tentacleB_DYN" : {
        "offset" : [
          1.6418437957763672,
          -0.31016445159912109,
          0.042208049446344376
        ]
      },
      "R_tentacleC_DYN" : {
        "offset" : [
          1.644317626953125,
          -0.26540517807006836,
          -0.65781295299530029
        ]
      },
      "R_tentacleD_DYN" : {
        "offset" : [
          1.7241697311401367,
          -0.12748336791992188,
          -1.1073133945465088
        ]
      },
      "tongue_DYN" : {
        "offset" : [
          -0.0015641450881958008,
          0.49655055999755859,
          0.0016298294067382812
        ]
      }
    },
    "owl" : {
      "L_hair_DYN" : {
        "offset" : [
          -1.2272434234619141,
          0.80242323875427246,
          0.18328261375427246
        ]
      },
      "R_hair_DYN" : {
        "offset" : [
          1.2302799224853516,
          -0.79722785949707031,
          -0.17547643184661865
        ]
      },
      "tongue_DYN" : {
        "offset" : [
          -0.0014289394021034241,
          0.68753433227539062,
          -0.000255584716796875
        ]
      }
    },
    "robot" : {
      "tongue_DYN" : {
        "offset" : [
          0.00010406970977783203,
          -0.44137883186340332,
          0.0023279190063476562
        ]
      }
    },
    "shark" : {
      "dorsalFin_DYN" : {
        "offset" : [
          -2.0317525863647461,
          -0.020536422729492188,
          -0.0011061422992497683
        ]
      },
      "L_pectoralFin_DYN" : {
        "offset" : [
          -1.7283267974853516,
          0.014484882354736328,
          0.24594974517822266
        ]
      },
      "R_pectoralFin_DYN" : {
        "offset" : [
          1.7254571914672852,
          -0.0086169242858886719,
          -0.23682546615600586
        ]
      },
      "tongue_DYN" : {
        "offset" : [
          -0.0010520219802856445,
          0.7724153995513916,
          -0.0006732940673828125
        ]
      }
    },
    "skull" : {
      "jaw_DYN" : {
        "offset" : [
          0.87626123428344727,
          -0.00030040740966796875,
          9.250640869140625e-05
        ]
      },
      "tongue_DYN" : {
        "offset" : [
          5.6385993957519531e-05,
          -0.6133875846862793,
          -2.384185791015625e-05
        ]
      }
    },
    "unicorn" : {
      "L_ear_DYN" : {
        "offset" : [
          -0.59780693054199219,
          -0.0022611618041992188,
          -0.00084352493286132812
        ]
      },
      "R_ear_DYN" : {
        "offset" : [
          0.59832477569580078,
          -0.0020325183868408203,
          -0.000499725341796875
        ]
      }
    }
  },
  "pose" : {
    "bakedAnimationBlendFactor" : 0,