{
  "camera" : {
    "name" : "stickerCam",
    "scene" : "../../../shared/cam.scnz"
  },
  "emoji" : "😜",
  "identifier" : "winking_face_with_stuck_out_tongue",
  "options" : {
    "duration" : 1
  },
  "physicsState" : {
    "cat" : {
      "L_ear_DYN" : {
        "offset" : [
          -0.33679580688476562,
          -0.0008869171142578125,
          -0.00015902519226074219
        ]
      },
      "R_ear_DYN" : {
        "offset" : [
          0.33533668518066406,
          -0.00071001052856445312,
          -0.00028181076049804688
        ]
      }
    },
    "dog" : {
      "L_ear_DYN" : {
        "offset" : [
          -0.023477554321289062,
          -0.6076202392578125,
          -0.021821022033691406
        ]
      },
      "R_ear_DYN" : {
        "offset" : [
          0.01183319091796875,
          -0.63170433044433594,
          0.021013736724853516
        ]
      }
    },
    "dragon" : {
      "L_mustache_DYN" : {
        "offset" : [
          -0.35332489013671875,
          -0.00078296661376953125,
          -0.00036144256591796875
        ]
      },
      "L_upperTendrils_DYN" : {
        "offset" : [
          -0.49296092987060547,
          -0.00097131729125976562,
          -0.00024652481079101562
        ]
      },
      "R_mustache_DYN" : {
        "offset" : [
          0.35227775573730469,
          -0.00093889236450195312,
          -0.00032329559326171875
        ]
      },
      "R_upperTendrils_DYN" : {
        "offset" : [
          0.49396610260009766,
          -0.00074481964111328125,
          -0.00077772140502929688
        ]
      }
    },
    "lion" : {
      "bottomMane_DYN" : {
        "offset" : [
          -0.012593269348144531,
          -0.50969088077545166,
          -0.016173362731933594
        ]
      },
      "L_lowerMane_DYN" : {
        "offset" : [
          -0.01554107666015625,
          -0.49324321746826172,
          -0.01631474494934082
        ]
      },
      "R_lowerMane_DYN" : {
        "offset" : [
          0.013933181762695312,
          -0.50059890747070312,
          0.015967130661010742
        ]
      }
    },
    "mouse" : {
      "L_ear_DYN" : {
        "offset" : [
          -0.63321304321289062,
          -0.30806350708007812,
          -0.083108425140380859
        ]
      },
      "L_whisker_DYN" : {
        "offset" : [
          -0.72208642959594727,
          -0.0017576217651367188,
          -0.0009250640869140625
        ]
      },
      "R_ear_DYN" : {
        "offset" : [
          0.63362312316894531,
          0.30436420440673828,
          0.081940591335296631
        ]
      },
      "R_whisker_DYN" : {
        "offset" : [
          0.71785449981689453,
          -0.0020117759704589844,
          -0.000919342041015625
        ]
      }
    },
    "octopus" : {
      "L_tentacleA_DYN" : {
        "offset" : [
          -1.7195529937744141,
          -0.064094066619873047,
          1.0270529985427856
        ]
      },
      "L_tentacleB_DYN" : {
        "offset" : [
          -1.6707372665405273,
          -0.18609142303466797,
          0.29548031091690063
        ]
      },
      "L_tentacleC_DYN" : {
        "offset" : [
          -1.6869926452636719,
          -0.15379714965820312,
          -0.63860905170440674
        ]
      },
      "L_tentacleD_DYN" : {
        "offset" : [
          -1.7330617904663086,
          0.011881828308105469,
          -1.1583011150360107
        ]
      },
      "R_tentacleA_DYN" : {
        "offset" : [
          1.6748771667480469,
          -0.22531318664550781,
          0.93380016088485718
        ]
      },
      "R_tentacleB_DYN" : {
        "offset" : [
          1.6456575393676758,
          -0.31012630462646484,
          0.29778420925140381
        ]
      },
      "R_tentacleC_DYN" : {
        "offset" : [
          1.6336259841918945,
          -0.30062294006347656,
          -0.44423729181289673
        ]
      },
      "R_tentacleD_DYN" : {
        "offset" : [
          1.7040824890136719,
          -0.18857479095458984,
          -1.0346610546112061
        ]
      },
      "tongue_DYN" : {
        "offset" : [
          -0.0012845993041992188,
          0.49655246734619141,
          -0.0018482208251953125
        ]
      }
    },
    "owl" : {
      "L_hair_DYN" : {
        "offset" : [
          -1.2278995513916016,
          0.80187368392944336,
          0.17988455295562744
        ]
      },
      "R_hair_DYN" : {
        "offset" : [
          1.2308158874511719,
          -0.79867315292358398,
          -0.17880153656005859
        ]
      },
      "tongue_DYN" : {
        "offset" : [
          -0.0012558028101921082,
          0.68753433227539062,
          4.00543212890625e-05
        ]
      }
    },
    "robot" : {
      "tongue_DYN" : {
        "offset" : [
          0.00036859512329101562,
          -0.44138169288635254,
          -1.049041748046875e-05
        ]
      }
    },
    "shark" : {
      "dorsalFin_DYN" : {
        "offset" : [
          -2.0307474136352539,
          -0.021103858947753906,
          -0.0045199384912848473
        ]
      },
      "L_pectoralFin_DYN" : {
        "offset" : [
          -1.7265439033508301,
          0.014704704284667969,
          0.24413728713989258
        ]
      },
      "R_pectoralFin_DYN" : {
        "offset" : [
          1.7245817184448242,
          -0.0080065727233886719,
          -0.23899936676025391
        ]
      },
      "tongue_DYN" : {
        "offset" : [
          -0.0011259317398071289,
          0.7724158763885498,
          -0.000423431396484375
        ]
      }
    },
    "skull" : {
      "jaw_DYN" : {
        "offset" : [
          0.87625551223754883,
          -0.00032019615173339844,
          -2.86102294921875e-06
        ]
      },
      "tongue_DYN" : {
        "offset" : [
          -0.00056731700897216797,
          -0.6133880615234375,
          2.002716064453125e-05
        ]
      }
    }
  },
  "pose" : {
    "bakedAnimationBlendFactor" : 0,
    "browDown_R" : 1,
    "browInnerUp" : 0.39034199714660645,
    "browOuterUp_L" : 1,
    "cheekSquint_L" : 1,
    "cheekSquint_R" : 1,
    "eyeBlink_R" : 1,
    "eyeLookDown_L" : 0.059999998658895493,
    "eyeLookDown_R" : 0.059999998658895493,
    "eyeLookIn_R" : 0.15999999642372131,
    "eyeLookOut_L" : 0.15999999642372131,
    "eyeSquint_L" : 0.9114687442779541,
    "eyeSquint_R" : 1,
    "eyeWide_L" : 1,
    "jawOpen" : 0.66411340236663818,
    "mouthDimple_L" : 1,
    "mouthDimple_R" : 0.97000002861022949,
    "mouthLeft" : 0.35402417182922363,
    "mouthSmile_L" : 1,
    "mouthSmile_R" : 1,
    "neckOrientation" : [
      -0.006829781923443079,
      -0.046863824129104614,
      0.086557440459728241,
      0.99512052536010742
    ],
    "neckPosition" : [
      0,
      0,
      0
    ],
    "noseSneer_R" : 0.21253287792205811,
    "tongueOut" : 1
  },
  "props" : [

  ]
}