{
  "camera" : {
    "name" : "stickerCam",
    "scene" : "../../shared/cam.scnz"
  },
  "emoji" : "😤",
  "identifier" : "face_with_steam_from_nose",
  "options" : {
    "duration" : 1
  },
  "physicsState" : {
    "memoji" : {
      "lowerBack_DYN" : {
        "offset" : [
          -0.026658058166503906,
          0.99085140228271484,
          3.7683033582425196e-08
        ]
      },
      "lowerBackLeft_DYN" : {
        "offset" : [
          -0.05304718017578125,
          0.73946714401245117,
          -0.94581860303878784
        ]
      },
      "lowerBackRight_DYN" : {
        "offset" : [
          -0.053049087524414062,
          0.73946475982666016,
          0.94581902027130127
        ]
      },
      "lowerFront_DYN" : {
        "offset" : [
          -0.078520774841308594,
          1.0464324951171875,
          6.3662938032393868e-08
        ]
      },
      "lowerFrontLeft_DYN" : {
        "offset" : [
          -0.10340309143066406,
          -0.68920087814331055,
          -1.089569091796875
        ]
      },
      "lowerFrontRight_DYN" : {
        "offset" : [
          -0.10340499877929688,
          -0.68920183181762695,
          1.0895676612854004
        ]
      },
      "lowerLeft_DYN" : {
        "offset" : [
          -0.10216999053955078,
          0.074220180511474609,
          -1.428478479385376
        ]
      },
      "lowerRight_DYN" : {
        "offset" : [
          -0.10217189788818359,
          -0.074222564697265625,
          -1.4284775257110596
        ]
      }
    }
  },
  "pose" : {
    "bakedAnimationBlendFactor" : 0,
    "browDown_L" : 0.85851764678955078,
    "browDown_R" : 0.85785907506942749,
    "browOuterUp_L" : 0.77751761674880981,
    "browOuterUp_R" : 0.78688532114028931,
    "eyeBlink_L" : 1,
    "eyeBlink_R" : 1,
    "mouthFrown_L" : 0.53652381896972656,
    "mouthFrown_R" : 0.53652387857437134,
    "mouthStretch_L" : 0.48110836744308472,
    "mouthStretch_R" : 0.48362722992897034,
    "neckOrientation" : [
      -0.073282711207866669,
      0,
      0,
      0.99731117486953735
    ],
    "neckPosition" : [
      0,
      0,
      0
    ],
    "noseSneer_L" : 0.30581042170524597,
    "noseSneer_R" : 0.33944955468177795
  },
  "props" : [
    {
      "adjustments" : {
        "age" : [
          {
            "position" : {
              "x" : 0,
              "y" : 0.035999999999999997,
              "z" : 0
            },
            "value" : "child"
          },
          {
            "position" : {
              "x" : 0,
              "y" : 0.024,
              "z" : 0
            },
            "value" : "child_75"
          },
          {
            "position" : {
              "x" : 0,
              "y" : 0.014999999999999999,
              "z" : 0
            },
            "value" : "child_50"
          },
          {
            "position" : {
              "x" : 0,
              "y" : 0.0060000000000000001,
              "z" : 0
            },
            "value" : "child_25"
          }
        ]
      },
      "image" : "steam.heic",
      "position" : {
        "x" : 0.17999999999999999,
        "y" : -0.39000000000000001,
        "z" : 15
      },
      "scale" : 0.25
    },
    {
      "adjustments" : {
        "age" : [
          {
            "position" : {
              "x" : 0,
              "y" : 0.035999999999999997,
              "z" : 0
            },
            "value" : "child"
          },
          {
            "position" : {
              "x" : 0,
              "y" : 0.024,
              "z" : 0
            },
            "value" : "child_75"
          },
          {
            "position" : {
              "x" : 0,
              "y" : 0.014999999999999999,
              "z" : 0
            },
            "value" : "child_50"
          },
          {
            "position" : {
              "x" : 0,
              "y" : 0.0060000000000000001,
              "z" : 0
            },
            "value" : "child_25"
          }
        ]
      },
      "image" : "steam.heic",
      "position" : {
        "x" : -0.17999999999999999,
        "y" : -0.39000000000000001,
        "z" : 15
      },
      "scale" : {
        "x" : -0.25,
        "y" : 0.25,
        "z" : 0.25
      }
    }
  ]
}