{
  "emoji" : "😀",
  "identifier" : "happy",
  "physicsState" : {
    "boar" : {
      "L_ear_DYN" : {
        "offset" : [
          -0.75936698913574219,
          -0.034087181091308594,
          0.13480663299560547
        ]
      },
      "R_ear_DYN" : {
        "offset" : [
          0.75936698913574219,
          0.034090995788574219,
          -0.13480758666992188
        ]
      },
      "tongue_DYN" : {
        "offset" : [
          0,
          0.49654579162597656,
          5.817413330078125e-05
        ]
      }
    },
    "cat" : {
      "L_ear_DYN" : {
        "offset" : [
          -0.33597373962402344,
          -0.0001316070556640625,
          0.00041532516479492188
        ]
      },
      "R_ear_DYN" : {
        "offset" : [
          0.335968017578125,
          0.00013685226440429688,
          -0.00041508674621582031
        ]
      }
    },
    "dog" : {
      "L_ear_DYN" : {
        "offset" : [
          -0.0049915313720703125,
          0.006534576416015625,
          -0.35353422164916992
        ]
      },
      "R_ear_DYN" : {
        "offset" : [
          0.004985809326171875,
          -0.00653076171875,
          0.35353446006774902
        ]
      }
    },
    "dragon" : {
      "L_mustache_DYN" : {
        "offset" : [
          -0.3525080680847168,
          0.0001811981201171875,
          -0.00028514862060546875
        ]
      },
      "L_upperTendrils_DYN" : {
        "offset" : [
          -0.49329280853271484,
          9.4890594482421875e-05,
          0.000614166259765625
        ]
      },
      "R_mustache_DYN" : {
        "offset" : [
          0.35250949859619141,
          -0.00017833709716796875,
          0.00028705596923828125
        ]
      },
      "R_upperTendrils_DYN" : {
        "offset" : [
          0.49328708648681641,
          -9.4890594482421875e-05,
          -0.00061178207397460938
        ]
      }
    },
    "memoji" : {
      "lowerBack_DYN" : {
        "offset" : [
          -0.0049352645874023438,
          0.6155095100402832,
          2.033741850482329e-07
        ]
      },
      "lowerBackLeft_DYN" : {
        "offset" : [
          -0.016147613525390625,
          0.45062923431396484,
          -0.59842431545257568
        ]
      },
      "lowerBackRight_DYN" : {
        "offset" : [
          -0.016150474548339844,
          0.45062685012817383,
          0.59842336177825928
        ]
      },
      "lowerFront_DYN" : {
        "offset" : [
          -0.034679412841796875,
          0.63627862930297852,
          -5.1235765852197801e-08
        ]
      },
      "lowerFrontLeft_DYN" : {
        "offset" : [
          -0.042882919311523438,
          -0.43174982070922852,
          -0.65295541286468506
        ]
      },
      "lowerFrontRight_DYN" : {
        "offset" : [
          -0.042886734008789062,
          -0.43175125122070312,
          0.65295487642288208
        ]
      },
      "lowerLeft_DYN" : {
        "offset" : [
          -0.038792610168457031,
          0.028178691864013672,
          -0.88234037160873413
        ]
      },
      "lowerRight_DYN" : {
        "offset" : [
          -0.038794517517089844,
          -0.02817535400390625,
          -0.88234043121337891
        ]
      }
    },
    "mouse" : {
      "L_ear_DYN" : {
        "offset" : [
          -0.63277435302734375,
          -0.30594253540039062,
          -0.081779599189758301
        ]
      },
      "L_whisker_DYN" : {
        "offset" : [
          -0.72034263610839844,
          0.00014925003051757812,
          -0.00035762786865234375
        ]
      },
      "R_ear_DYN" : {
        "offset" : [
          0.63279247283935547,
          0.30593681335449219,
          0.081855058670043945
        ]
      },
      "R_whisker_DYN" : {
        "offset" : [
          0.72034311294555664,
          -0.000148773193359375,
          0.00035858154296875
        ]
      }
    },
    "octopus" : {
      "L_tentacleA_DYN" : {
        "offset" : [
          -1.6573305130004883,
          -0.094095706939697266,
          -0.37078920006752014
        ]
      },
      "L_tentacleB_DYN" : {
        "offset" : [
          -1.6755533218383789,
          -0.0076537132263183594,
          -0.60450118780136108
        ]
      },
      "L_tentacleC_DYN" : {
        "offset" : [
          -1.6524934768676758,
          0.086297988891601562,
          -0.53101849555969238
        ]
      },
      "L_tentacleD_DYN" : {
        "offset" : [
          -1.6404895782470703,
          0.14218568801879883,
          -0.20123626291751862
        ]
      },
      "R_tentacleA_DYN" : {
        "offset" : [
          1.6573266983032227,
          0.094095230102539062,
          0.37078991532325745
        ]
      },
      "R_tentacleB_DYN" : {
        "offset" : [
          1.6755456924438477,
          0.0076513290405273438,
          0.60450369119644165
        ]
      },
      "R_tentacleC_DYN" : {
        "offset" : [
          1.6524877548217773,
          -0.086300849914550781,
          0.53101587295532227
        ]
      },
      "R_tentacleD_DYN" : {
        "offset" : [
          1.6404838562011719,
          -0.14218854904174805,
          0.20123696327209473
        ]
      },
      "tongue_DYN" : {
        "offset" : [
          0,
          0.49654889106750488,
          -0.0018811225891113281
        ]
      }
    },
    "owl" : {
      "L_hair_DYN" : {
        "offset" : [
          -1.2297687530517578,
          0.80028414726257324,
          0.17922651767730713
        ]
      },
      "R_hair_DYN" : {
        "offset" : [
          1.2297706604003906,
          -0.80026388168334961,
          -0.17920982837677002
        ]
      },
      "tongue_DYN" : {
        "offset" : [
          0,
          0.68753600120544434,
          0.0011987686157226562
        ]
      }
    },
    "robot" : {
      "tongue_DYN" : {
        "offset" : [
          0,
          -0.44138073921203613,
          -0.0009822845458984375
        ]
      }
    },
    "shark" : {
      "dorsalFin_DYN" : {
        "offset" : [
          -2.0297403335571289,
          -0.023702621459960938,
          2.5260646907554474e-09
        ]
      },
      "L_pectoralFin_DYN" : {
        "offset" : [
          -1.7247176170349121,
          0.010486125946044922,
          0.24221897125244141
        ]
      },
      "R_pectoralFin_DYN" : {
        "offset" : [
          1.7245464324951172,
          -0.010572910308837891,
          -0.24231672286987305
        ]
      },
      "tongue_DYN" : {
        "offset" : [
          4.284462053801702e-17,
          0.77241039276123047,
          -0.0007190704345703125
        ]
      }
    },
    "skull" : {
      "jaw_DYN" : {
        "offset" : [
          0.8762669563293457,
          -1.2064936072420096e-07,
          -0.000164031982421875
        ]
      },
      "tongue_DYN" : {
        "offset" : [
          0,
          -0.6133875846862793,
          2.574920654296875e-05
        ]
      }
    },
    "unicorn" : {
      "L_ear_DYN" : {
        "offset" : [
          -0.59740257263183594,
          -0.00026154518127441406,
          0.00056982040405273438
        ]
      },
      "R_ear_DYN" : {
        "offset" : [
          0.5973968505859375,
          0.00026273727416992188,
          -0.00056791305541992188
        ]
      }
    }
  },
  "pose" : {
    "bakedAnimationBlendFactor" : 0,
    "browInnerUp" : 0.12420382350683212,
    "browOuterUp_L" : 0.2197452038526535,
    "browOuterUp_R" : 0.34713366627693176,
    "cheekSquint_L" : 0.52866238355636597,
    "cheekSquint_R" : 0.54777067899703979,
    "eyeBlink_L" : 0.43949046730995178,
    "eyeBlink_R" : 0.46815282106399536,
    "eyeLookDown_L" : 0.09235670417547226,
    "eyeLookDown_R" : 0.092356689274311066,
    "eyeSquint_L" : 0.88535016775131226,
    "eyeSquint_R" : 0.82165592908859253,
    "jawOpen" : 0.21019108593463898,
    "mouthDimple_L" : 0.73885345458984375,
    "mouthDimple_R" : 0.71656042337417603,