{
  "emoji" : "🙂",
  "identifier" : "pleasant_neutral",
  "physicsState" : {
    "boar" : {
      "L_ear_DYN" : {
        "offset" : [
          -0.75915241241455078,
          -0.034881114959716797,
          0.13609325885772705
        ]
      },
      "R_ear_DYN" : {
        "offset" : [
          0.75990962982177734,
          0.033705234527587891,
          -0.13246345520019531
        ]
      },
      "tongue_DYN" : {
        "offset" : [
          -0.0011613368988037109,
          0.49655055999755859,
          0.00014209747314453125
        ]
      }
    },
    "cat" : {
      "L_ear_DYN" : {
        "offset" : [
          -0.336456298828125,
          -0.00050234794616699219,
          0.00070786476135253906
        ]
      },
      "R_ear_DYN" : {
        "offset" : [
          0.33531951904296875,
          -0.00025844573974609375,
          0.00087833404541015625
        ]
      }
    },
    "dog" : {
      "L_ear_DYN" : {
        "offset" : [
          -0.01007080078125,
          -0.36710929870605469,
          0.012894630432128906
        ]
      },
      "R_ear_DYN" : {
        "offset" : [
          0.002735137939453125,
          -0.37588691711425781,
          -0.012875080108642578
        ]
      }
    },
    "dragon" : {
      "L_mustache_DYN" : {
        "offset" : [
          -0.35173273086547852,
          -0.00012493133544921875,
          0.001071929931640625
        ]
      },
      "L_upperTendrils_DYN" : {
        "offset" : [
          -0.49291133880615234,
          -0.00070238113403320312,
          0.0013713836669921875
        ]
      },
      "R_mustache_DYN" : {
        "offset" : [
          0.35263395309448242,
          -0.00032806396484375,
          0.0010013580322265625
        ]
      },
      "R_upperTendrils_DYN" : {
        "offset" : [
          0.49804401397705078,
          -0.00058650970458984375,
          0.0010480880737304688
        ]
      }
    },
    "memoji" : {
      "lowerBack_DYN" : {
        "offset" : [
          -0.05228424072265625,
          0.014462947845458984,
          -1.0190112590789795
        ]
      },
      "lowerBackLeft_DYN" : {
        "offset" : [
          -0.053753852844238281,
          -0.5137476921081543,
          -0.73520219326019287
        ]
      },
      "lowerBackRight_DYN" : {
        "offset" : [
          -0.025431632995605469,
          0.50577020645141602,
          -0.70764172077178955
        ]
      },
      "lowerFront_DYN" : {
        "offset" : [
          -0.050817489624023438,
          -0.060618877410888672,
          -1.0140347480773926
        ]
      },
      "lowerFrontLeft_DYN" : {
        "offset" : [
          -0.054612159729003906,
          -0.47706747055053711,
          0.77840912342071533
        ]
      },
      "lowerFrontRight_DYN" : {
        "offset" : [
          -0.022973060607910156,
          0.53529834747314453,
          0.66387927532196045
        ]
      },
      "lowerLeft_DYN" : {
        "offset" : [
          -0.045017242431640625,
          -0.73329925537109375,
          0.034010373055934906
        ]
      },
      "lowerRight_DYN" : {
        "offset" : [
          -0.0080175399780273438,
          -0.70883321762084961,
          0.02859206311404705
        ]
      }
    },
    "mouse" : {
      "L_ear_DYN" : {
        "offset" : [
          -0.63301658630371094,
          -0.30693340301513672,
          -0.080493032932281494
        ]
      },
      "L_whisker_DYN" : {
        "offset" : [
          -0.71876335144042969,
          -0.00086259841918945312,
          0.002811431884765625
        ]
      },
      "R_ear_DYN" : {
        "offset" : [
          0.63223171234130859,
          0.30466461181640625,
          0.084707140922546387
        ]
      },
      "R_whisker_DYN" : {
        "offset" : [
          0.7182612419128418,
          -0.000858306884765625,
          0.0027570724487304688
        ]
      }
    },
    "octopus" : {
      "L_tentacleA_DYN" : {
        "offset" : [
          -1.6685361862182617,
          -0.053510665893554688,
          0.62672346830368042
        ]
      },
      "L_tentacleB_DYN" : {
        "offset" : [
          -1.6644554138183594,
          -0.12894201278686523,
          0.21769051253795624
        ]
      },
      "L_tentacleC_DYN" : {
        "offset" : [
          -1.6574106216430664,
          -0.11957645416259766,
          -0.31692954897880554
        ]
      },
      "L_tentacleD_DYN" : {
        "offset" : [
          -1.6840419769287109,
          -0.027445793151855469,
          -0.67398345470428467
        ]
      },
      "R_tentacleA_DYN" : {
        "offset" : [
          1.6595144271850586,
          -0.12134027481079102,
          0.54548376798629761
        ]
      },
      "R_tentacleB_DYN" : {
        "offset" : [
          1.6267375946044922,
          -0.17651653289794922,
          0.13558408617973328
        ]
      },
      "R_tentacleC_DYN" : {
        "offset" : [
          1.6523246765136719,
          -0.16441679000854492,
          -0.32387509942054749
        ]
      },
      "R_tentacleD_DYN" : {
        "offset" : [
          1.6569290161132812,
          -0.085729598999023438,
          -0.66273903846740723
        ]
      },
      "tongue_DYN" : {
        "offset" : [
          -0.0011506080627441406,
          0.49655055999755859,
          -0.00035953521728515625
        ]
      }
    },
    "owl" : {
      "L_hair_DYN" : {
        "offset" : [
          -1.2270469665527344,
          0.79970622062683105,
          0.1744997501373291
        ]
      },
      "R_hair_DYN" : {
        "offset" : [
          1.2297019958496094,
          -0.79970908164978027,
          -0.18421280384063721
        ]
      },
      "tongue_DYN" : {
        "offset" : [
          -0.00094509124755859375,
          0.6875309944152832,
          -0.00034236907958984375
        ]
      }
    },
    "robot" : {
      "tongue_DYN" : {
        "offset" : [
          9.009242057800293e-05,
          -0.44138121604919434,
          0.0010576248168945312
        ]
      }
    },
    "shark" : {
      "dorsalFin_DYN" : {
        "offset" : [
          -2.0312042236328125,
          -0.021502494812011719,
          -0.007948397658765316
        ]
      },
      "L_pectoralFin_DYN" : {
        "offset" : [
          -1.7257986068725586,
          0.0128021240234375,
          0.23658418655395508
        ]
      },
      "R_pectoralFin_DYN" : {
        "offset" : [
          1.7253627777099609,
          -0.011567592620849609,
          -0.24653339385986328
        ]
      },
      "tongue_DYN" : {
        "offset" : [
          -0.0007184147834777832,
          0.77241349220275879,
          0.0013942718505859375
        ]
      }
    },
    "skull" : {
      "jaw_DYN" : {
        "offset" : [
          0.8762669563293457,
          -0.00019276142120361328,
          -1.239776611328125e-05
        ]
      },
      "tongue_DYN" : {
        "offset" : [
          9.9360942840576172e-05,
          -0.61338663101196289,
          3.24249267578125e-05
        ]
      }
    },
    "unicorn" : {
      "L_ear_DYN" : {
        "offset" : [
          -0.59780120849609375,
          0.00071237236261367798,
          0.0014448165893554688
        ]
      },
      "R_ear_DYN" : {
        "offset" : [
          0.59726810455322266,
          0.000965118408203125,
          0.0018982887268066406
        ]
      }
    }
  },
  "pose" : {
    "bakedAnimationBlendFactor" : 0,
    "browInnerUp" : 0.49999997019767761,
    "browOuterUp_L" : 0.28025463223457336,
    "browOuterUp_R" : 0.6942673921585083,
    "cheekSquint_L" : 0.33757954835891724,
    "cheekSquint_R" : 0.48089167475700378,
    "eyeBlink_L" : 0.1656050980091095,
    "eyeBlink_R" : 0.070063695311546326,
    "eyeLookDown_L" : 0.10509554296731949,
    "eyeLookDown_R" : 0.070063695311546326,
    "eyeLookIn_L" : 0.2866879403591156,
    "eyeLookOut_R" : 0.1351592093706131,
    "eyeSquint_L" : 0.46815282106399536,