{
  "camera" : {
    "name" : "stickerCam",
    "scene" : "../../../shared/cam.scnz"
  },
  "emoji" : "🙁",
  "identifier" : "slightly_frowning_face",
  "options" : {
    "duration" : 1
  },
  "physicsState" : {
    "cat" : {
      "L_ear_DYN" : {
        "offset" : [
          -0.33592987060546875,
          -0.00020837783813476562,
          -0.00033903121948242188
        ]
      },
      "R_ear_DYN" : {
        "offset" : [
          0.33568572998046875,
          -9.059906005859375e-06,
          0.00052118301391601562
        ]
      }
    },
    "dog" : {
      "L_ear_DYN" : {
        "offset" : [
          -0.0063724517822265625,
          -0.077875137329101562,
          0.3616945743560791
        ]
      },
      "R_ear_DYN" : {
        "offset" : [
          0.004680633544921875,
          -0.091943740844726562,
          -0.35973072052001953
        ]
      }
    },
    "dragon" : {
      "L_mustache_DYN" : {
        "offset" : [
          -0.35224008560180664,
          -9.72747802734375e-05,
          0.0004901885986328125
        ]
      },
      "L_upperTendrils_DYN" : {
        "offset" : [
          -0.49294471740722656,
          -0.00060558319091796875,
          0.0001049041748046875
        ]
      },
      "R_mustache_DYN" : {
        "offset" : [
          0.35231494903564453,
          -7.62939453125e-05,
          -0.00020313262939453125
        ]
      },
      "R_upperTendrils_DYN" : {
        "offset" : [
          0.49374961853027344,
          0.00021648406982421875,
          0.00032567977905273438
        ]
      }
    },
    "mouse" : {
      "L_ear_DYN" : {
        "offset" : [
          -0.63267993927001953,
          -0.30624294281005859,
          -0.083009183406829834
        ]
      },
      "L_whisker_DYN" : {
        "offset" : [
          -0.72042417526245117,
          -0.00022983551025390625,
          0.00075531005859375
        ]
      },
      "R_ear_DYN" : {
        "offset" : [
          0.63259124755859375,
          0.30571269989013672,
          0.083474159240722656
        ]
      },
      "R_whisker_DYN" : {
        "offset" : [
          0.72013759613037109,
          -0.00023984909057617188,
          -3.337860107421875e-05
        ]
      }
    },
    "octopus" : {
      "L_tentacleA_DYN" : {
        "offset" : [
          -1.6423892974853516,
          0.11752176284790039,
          0.46025955677032471
        ]
      },
      "L_tentacleB_DYN" : {
        "offset" : [
          -1.6745090484619141,
          0.029720783233642578,
          0.64599484205245972
        ]
      },
      "L_tentacleC_DYN" : {
        "offset" : [
          -1.6669254302978516,
          -0.070280551910400391,
          0.51324987411499023
        ]
      },
      "L_tentacleD_DYN" : {
        "offset" : [
          -1.6585235595703125,
          -0.12624168395996094,
          0.079493686556816101
        ]
      },
      "R_tentacleA_DYN" : {
        "offset" : [
          1.6304292678833008,
          -0.1526494026184082,
          -0.20146700739860535
        ]
      },
      "R_tentacleB_DYN" : {
        "offset" : [
          1.6605777740478516,
          -0.096901893615722656,
          -0.54730969667434692
        ]
      },
      "R_tentacleC_DYN" : {
        "offset" : [
          1.6729469299316406,
          0.00093126296997070312,
          -0.64191257953643799
        ]
      },
      "R_tentacleD_DYN" : {
        "offset" : [
          1.6632194519042969,
          0.096498489379882812,
          -0.39965802431106567
        ]
      },
      "tongue_DYN" : {
        "offset" : [
          -0.00013805925846099854,
          0.49655914306640625,
          5.8650970458984375e-05
        ]
      }
    },
    "owl" : {
      "L_hair_DYN" : {
        "offset" : [
          -1.2291755676269531,
          0.80080080032348633,
          0.17907035350799561
        ]
      },
      "R_hair_DYN" : {
        "offset" : [
          1.2295894622802734,
          -0.80072665214538574,
          -0.17955100536346436
        ]
      },
      "tongue_DYN" : {
        "offset" : [
          -0.00014822650700807571,
          0.68752837181091309,
          -0.000102996826171875
        ]
      }
    },
    "robot" : {
      "tongue_DYN" : {
        "offset" : [
          3.9771199226379395e-05,
          -0.44138073921203613,
          8.869171142578125e-05
        ]
      }
    },
    "shark" : {
      "dorsalFin_DYN" : {
        "offset" : [
          -2.0334024429321289,
          -0.018292427062988281,
          -0.0012817822862416506
        ]
      },
      "L_pectoralFin_DYN" : {
        "offset" : [
          -1.7250661849975586,
          0.01309967041015625,
          0.23988819122314453
        ]
      },
      "R_pectoralFin_DYN" : {
        "offset" : [
          1.7247309684753418,
          -0.012587070465087891,
          -0.24089145660400391
        ]
      },
      "tongue_DYN" : {
        "offset" : [
          -0.00012958049774169922,
          0.77241611480712891,
          -1.9073486328125e-06
        ]
      }
    },
    "skull" : {
      "jaw_DYN" : {
        "offset" : [
          0.87626838684082031,
          -4.5359134674072266e-05,
          0.0001678466796875
        ]
      },
      "tongue_DYN" : {
        "offset" : [
          -0.00010138750076293945,
          -0.6133885383605957,
          0.0010290145874023438
        ]
      }
    }
  },
  "pose" : {
    "bakedAnimationBlendFactor" : 0,
    "browDown_L" : 0.81267237663269043,
    "browDown_R" : 0.88154280185699463,
    "browInnerUp" : 1,
    "eyeBlink_L" : 0.12217194586992264,
    "eyeBlink_R" : 0.11538461595773697,
    "eyeSquint_L" : 0.43526181578636169,
    "eyeSquint_R" : 0.42424240708351135,
    "jawOpen" : 0.15999999642372131,
    "mouthClose" : 0.15999999642372131,
    "mouthFrown_L" : 0.34435263276100159,
    "mouthFrown_R" : 0.36639121174812317,
    "mouthShrugLower" : 0.67493081092834473,
    "mouthShrugUpper" : 0.67768585681915283,
    "mouthStretch_L" : 0.84848469495773315,
    "mouthStretch_R" : 0.7961430549621582,
    "neckOrientation" : [
      0.046229120343923569,
      0.017416175454854965,
      0.01107336301356554,
      0.99871766567230225
    ],
    "neckPosition" : [
      0,
      0,
      0
    ]
  },
  "props" : [

  ]
}