{
  "emoji" : "😒",
  "identifier" : "annoyed",
  "physicsState" : {
    "boar" : {
      "L_ear_DYN" : {
        "offset" : [
          -0.75943470001220703,
          -0.034752368927001953,
          0.1348423957824707
        ]
      },
      "R_ear_DYN" : {
        "offset" : [
          0.75975894927978516,
          0.034024238586425781,
          -0.13334083557128906
        ]
      },
      "tongue_DYN" : {
        "offset" : [
          -0.00040185451507568359,
          0.49655556678771973,
          0.0002918243408203125
        ]
      }
    },
    "cat" : {
      "L_ear_DYN" : {
        "offset" : [
          -0.33620071411132812,
          -0.00036597251892089844,
          0.00010704994201660156
        ]
      },
      "R_ear_DYN" : {
        "offset" : [
          0.33556556701660156,
          -0.00015544891357421875,
          0.00055480003356933594
        ]
      }
    },
    "dragon" : {
      "L_mustache_DYN" : {
        "offset" : [
          -0.35214042663574219,
          -0.00017261505126953125,
          0.0006847381591796875
        ]
      },
      "L_upperTendrils_DYN" : {
        "offset" : [
          -0.49240779876708984,
          -0.00077676773071289062,
          0.00079965591430664062
        ]
      },
      "R_mustache_DYN" : {
        "offset" : [
          0.35248661041259766,
          -0.00024890899658203125,
          0.000331878662109375
        ]
      },
      "R_upperTendrils_DYN" : {
        "offset" : [
          0.49496841430664062,
          -0.00026607513427734375,
          0.00064802169799804688
        ]
      }
    },
    "memoji" : {
      "lowerBack_DYN" : {
        "offset" : [
          -0.030439376831054688,
          -0.29982757568359375,
          -0.61278623342514038
        ]
      },
      "lowerBackLeft_DYN" : {
        "offset" : [
          -0.028682708740234375,
          -0.52325630187988281,
          -0.11532506346702576
        ]
      },
      "lowerBackRight_DYN" : {
        "offset" : [
          -0.024457931518554688,
          0.096288681030273438,
          -0.72439348697662354
        ]
      },
      "lowerFront_DYN" : {
        "offset" : [
          -0.014578819274902344,
          -0.32035160064697266,
          -0.57645654678344727
        ]
      },
      "lowerFrontLeft_DYN" : {
        "offset" : [
          -0.029149055480957031,
          -0.058022975921630859,
          0.73530387878417969
        ]
      },
      "lowerFrontRight_DYN" : {
        "offset" : [
          5.7220458984375e-06,
          0.51096057891845703,
          0.10514062643051147
        ]
      },
      "lowerLeft_DYN" : {
        "offset" : [
          -0.028863906860351562,
          -0.41701221466064453,
          0.45760339498519897
        ]
      },
      "lowerRight_DYN" : {
        "offset" : [
          -0.008152008056640625,
          -0.42266464233398438,
          0.42128324508666992
        ]
      }
    },
    "mouse" : {
      "L_ear_DYN" : {
        "offset" : [
          -0.63285636901855469,
          -0.30664825439453125,
          -0.082031428813934326
        ]
      },
      "L_whisker_DYN" : {
        "offset" : [
          -0.72030925750732422,
          -0.00056505203247070312,
          0.0014333724975585938
        ]
      },
      "R_ear_DYN" : {
        "offset" : [
          0.63262081146240234,
          0.30528736114501953,
          0.083760917186737061
        ]
      },
      "R_whisker_DYN" : {
        "offset" : [
          0.71973466873168945,
          -0.00062417984008789062,
          0.00106048583984375
        ]
      }
    },
    "octopus" : {
      "L_tentacleA_DYN" : {
        "offset" : [
          -1.6517772674560547,
          0.021880626678466797,
          0.50951296091079712
        ]
      },
      "L_tentacleB_DYN" : {
        "offset" : [
          -1.6668519973754883,
          -0.057003498077392578,
          0.41440773010253906
        ]
      },
      "L_tentacleC_DYN" : {
        "offset" : [
          -1.6507606506347656,
          -0.10253000259399414,
          0.095521479845046997
        ]
      },
      "L_tentacleD_DYN" : {
        "offset" : [
          -1.6623258590698242,
          -0.084359645843505859,
          -0.28916645050048828
        ]
      },
      "R_tentacleA_DYN" : {
        "offset" : [
          1.6343116760253906,
          -0.11875343322753906,
          0.16372740268707275
        ]
      },
      "R_tentacleB_DYN" : {
        "offset" : [
          1.6395120620727539,
          -0.11949062347412109,
          -0.18491098284721375
        ]
      },
      "R_tentacleC_DYN" : {
        "offset" : [
          1.6570549011230469,
          -0.069686412811279297,
          -0.44732409715652466
        ]
      },
      "R_tentacleD_DYN" : {
        "offset" : [
          1.6583709716796875,
          0.013524532318115234,
          -0.5045924186706543
        ]
      },
      "tongue_DYN" : {
        "offset" : [
          -0.0003636777400970459,
          0.4965517520904541,
          -1.430511474609375e-05
        ]
      }
    },
    "owl" : {
      "L_hair_DYN" : {
        "offset" : [
          -1.2285614013671875,
          0.80042076110839844,
          0.1782994270324707
        ]
      },
      "R_hair_DYN" : {
        "offset" : [
          1.2297782897949219,
          -0.80043911933898926,
          -0.18041062355041504
        ]
      },
      "tongue_DYN" : {
        "offset" : [
          -0.00062405690550804138,
          0.68753457069396973,
          0.001739501953125
        ]
      }
    },
    "robot" : {
      "tongue_DYN" : {
        "offset" : [
          0.00024041533470153809,
          -0.44137930870056152,
          -0.0010099411010742188
        ]
      }
    },
    "shark" : {
      "dorsalFin_DYN" : {
        "offset" : [
          -2.0324287414550781,
          -0.019779205322265625,
          -0.0039129843935370445
        ]
      },
      "L_pectoralFin_DYN" : {
        "offset" : [
          -1.7250461578369141,
          0.012976169586181641,
          0.23891210556030273
        ]
      },
      "R_pectoralFin_DYN" : {
        "offset" : [
          1.7247428894042969,
          -0.011765956878662109,
          -0.24283838272094727
        ]
      },
      "tongue_DYN" : {
        "offset" : [
          -0.00042015314102172852,
          0.77241992950439453,
          0.00057888031005859375
        ]
      }
    },
    "skull" : {
      "jaw_DYN" : {
        "offset" : [
          0.87626886367797852,
          -0.00011327862739562988,
          7.534027099609375e-05
        ]
      },
      "tongue_DYN" : {
        "offset" : [
          -0.0002454221248626709,
          -0.61339139938354492,
          0.0005626678466796875
        ]
      }
    },
    "unicorn" : {
      "L_ear_DYN" : {
        "offset" : [
          -0.59729194641113281,
          -3.9339065551757812e-06,
          0.00030517578125
        ]
      },
      "R_ear_DYN" : {
        "offset" : [
          0.59704685211181641,
          0.00042128562927246094,
          0.0011897087097167969
        ]
      }
    }
  },
  "pose" : {
    "bakedAnimationBlendFactor" : 0,
    "browDown_L" : 0.11409395188093185,
    "browDown_R" : 0.60067111253738403,
    "cheekPuff" : 0.23489934206008911,
    "cheekSquint_L" : 0.5436241626739502,
    "eyeBlink_L" : 0.19463086128234863,
    "eyeBlink_R" : 0.29530203342437744,
    "eyeLookIn_L" : 0.14516128599643707,
    "eyeLookOut_R" : 0.15806449949741364,
    "eyeLookUp_L" : 0.087096765637397766,
    "eyeLookUp_R" : 0.090322583913803101,
    "mouthFrown_L" : 0.051612906157970428,
    "mouthFrown_R" : 0.10322581231594086,
    "mouthLeft" : 1,
    "mouthPress_R" : 0.42903217673301697,
    "mouthShrugLower" : 0.31612899899482727,
    "mouthShrugUpper" : 0.31612905859947205,
    "neckOrientation" : [
      0.024252245202660561,
      0.061797071248292923,
      0.028873788192868233,
      0.9973762035369873
    ],
    "neckPosition" : [
      0,
      0,
      0
    ],