{
  "camera" : {
    "name" : "stickerCam",
    "scene" : "../../../shared/cam.scnz"
  },
  "emoji" : "😅",
  "identifier" : "grinning_face_with_sweat",
  "options" : {
    "duration" : 1
  },
  "physicsState" : {
    "mouse" : {
      "L_ear_DYN" : {
        "offset" : [
          -0.63277816772460938,
          -0.30599403381347656,
          -0.082468748092651367
        ]
      },
      "L_whisker_DYN" : {
        "offset" : [
          -0.72032594680786133,
          6.7234039306640625e-05,
          1.049041748046875e-05
        ]
      },
      "R_ear_DYN" : {
        "offset" : [
          0.63277626037597656,
          0.30599689483642578,
          0.082472681999206543
        ]
      },
      "R_whisker_DYN" : {
        "offset" : [
          0.72032690048217773,
          -6.67572021484375e-05,
          -1.1444091796875e-05
        ]
      }
    }
  },
  "pose" : {
    "bakedAnimationBlendFactor" : 0,
    "browDown_L" : 0.68045121431350708,
    "browInnerUp" : 0.46013689041137695,
    "browOuterUp_R" : 0.72180473804473877,
    "cheekSquint_L" : 0.94896173477172852,
    "cheekSquint_R" : 0.7841566801071167,
    "eyeBlink_L" : 0.029587259516119957,
    "eyeBlink_R" : 0.070509724318981171,
    "eyeSquint_L" : 0.97040998935699463,
    "eyeSquint_R" : 0.88519221544265747,
    "jawOpen" : 0.307973712682724,
    "mouthDimple_L" : 0.95867753028869629,
    "mouthDimple_R" : 0.79614299535751343,
    "mouthSmile_L" : 0.99881953001022339,
    "mouthSmile_R" : 0.5977470874786377,
    "mouthStretch_L" : 0.15426994860172272,
    "mouthStretch_R" : 0.10468319803476334,
    "mouthUpperUp_L" : 0.29201102256774902,
    "mouthUpperUp_R" : 0.24517898261547089,
    "neckOrientation" : [
      0,
      0,
      0,
      1
    ],
    "neckPosition" : [
      0,
      0,
      0
    ]
  },
  "props" : [
    {
      "image" : "../../../shared/grinning_face_with_sweat/tear.heic",
      "position" : {
        "x" : 0.60999999999999999,
        "y" : 0.40000000000000002,
        "z" : 30
      }
    }
  ]
}