{
  "emoji" : "🤨",
  "identifier" : "one_raised_eyebrow",
  "physicsState" : {
    "boar" : {
      "L_ear_DYN" : {
        "offset" : [
          -0.75935840606689453,
          -0.035000324249267578,
          0.13535022735595703
        ]
      },
      "R_ear_DYN" : {
        "offset" : [
          0.75984382629394531,
          0.033635616302490234,
          -0.1330873966217041
        ]
      },
      "tongue_DYN" : {
        "offset" : [
          -0.00093722343444824219,
          0.49655365943908691,
          -0.0012359619140625
        ]
      }
    },
    "cat" : {
      "L_ear_DYN" : {
        "offset" : [
          -0.33645057678222656,
          -0.00056099891662597656,
          0.00035524368286132812
        ]
      },
      "R_ear_DYN" : {
        "offset" : [
          0.33538818359375,
          -0.000347137451171875,
          0.00060820579528808594
        ]
      }
    },
    "dog" : {
      "L_ear_DYN" : {
        "offset" : [
          -0.010321617126464844,
          -0.36955070495605469,
          0.070966243743896484
        ]
      },
      "R_ear_DYN" : {
        "offset" : [
          0.0030088424682617188,
          -0.37884140014648438,
          -0.069366216659545898
        ]
      }
    },
    "dragon" : {
      "L_mustache_DYN" : {
        "offset" : [
          -0.35210180282592773,
          -0.000308990478515625,
          0.00081634521484375
        ]
      },
      "L_upperTendrils_DYN" : {
        "offset" : [
          -0.49235343933105469,
          -0.00093746185302734375,
          0.0011324882507324219
        ]
      },
      "R_mustache_DYN" : {
        "offset" : [
          0.35254955291748047,
          -0.0004444122314453125,
          0.00062465667724609375
        ]
      },
      "R_upperTendrils_DYN" : {
        "offset" : [
          0.49630546569824219,
          -0.00061893463134765625,
          0.0008220672607421875
        ]
      }
    },
    "memoji" : {
      "lowerBack_DYN" : {
        "offset" : [
          -0.056811332702636719,
          -0.085916519165039062,
          -1.0362145900726318
        ]
      },
      "lowerBackLeft_DYN" : {
        "offset" : [
          -0.054474830627441406,
          -0.59597682952880859,
          -0.63824164867401123
        ]
      },
      "lowerBackRight_DYN" : {
        "offset" : [
          -0.03182220458984375,
          0.44522905349731445,
          -0.81410330533981323
        ]
      },
      "lowerFront_DYN" : {
        "offset" : [
          -0.049342155456542969,
          -0.16112422943115234,
          -1.0111464262008667
        ]
      },
      "lowerFrontLeft_DYN" : {
        "offset" : [
          -0.058667182922363281,
          -0.40152692794799805,
          0.88398551940917969
        ]
      },
      "lowerFrontRight_DYN" : {
        "offset" : [
          -0.018711090087890625,
          0.60436058044433594,
          0.5687716007232666
        ]
      },
      "lowerLeft_DYN" : {
        "offset" : [
          -0.046236038208007812,
          -0.73760986328125,
          0.18857698142528534
        ]
      },
      "lowerRight_DYN" : {
        "offset" : [
          -0.010275840759277344,
          -0.71486377716064453,
          0.16278734803199768
        ]
      }
    },
    "mouse" : {
      "L_ear_DYN" : {
        "offset" : [
          -0.63303470611572266,
          -0.30714702606201172,
          -0.081407070159912109
        ]
      },
      "L_whisker_DYN" : {
        "offset" : [
          -0.72028589248657227,
          -0.0009899139404296875,
          0.0018682479858398438
        ]
      },
      "R_ear_DYN" : {
        "offset" : [
          0.63269901275634766,
          0.30483818054199219,
          0.083947241306304932
        ]
      },
      "R_whisker_DYN" : {
        "offset" : [
          0.71901702880859375,
          -0.0010762214660644531,
          0.0017185211181640625
        ]
      }
    },
    "octopus" : {
      "L_tentacleA_DYN" : {
        "offset" : [
          -1.6705837249755859,
          -0.033103466033935547,
          0.68035030364990234
        ]
      },
      "L_tentacleB_DYN" : {
        "offset" : [
          -1.6674318313598633,
          -0.12214374542236328,
          0.32129806280136108
        ]
      },
      "L_tentacleC_DYN" : {
        "offset" : [
          -1.6561918258666992,
          -0.13072395324707031,
          -0.22615891695022583
        ]
      },
      "L_tentacleD_DYN" : {
        "offset" : [
          -1.6824245452880859,
          -0.048901081085205078,
          -0.64587861299514771
        ]
      },
      "R_tentacleA_DYN" : {
        "offset" : [
          1.648615837097168,
          -0.13969707489013672,
          0.49453380703926086
        ]
      },
      "R_tentacleB_DYN" : {
        "offset" : [
          1.6316051483154297,
          -0.18356657028198242,
          0.050578620284795761
        ]
      },
      "R_tentacleC_DYN" : {
        "offset" : [
          1.6524686813354492,
          -0.15792131423950195,
          -0.40813571214675903
        ]
      },
      "R_tentacleD_DYN" : {
        "offset" : [
          1.6647481918334961,
          -0.067266464233398438,
          -0.70577174425125122
        ]
      },
      "tongue_DYN" : {
        "offset" : [
          -0.00090056657791137695,
          0.49655246734619141,
          -0.000751495361328125
        ]
      }
    },
    "owl" : {
      "L_hair_DYN" : {
        "offset" : [
          -1.2276554107666016,
          0.80062675476074219,
          0.17618966102600098
        ]
      },
      "R_hair_DYN" : {
        "offset" : [
          1.2300510406494141,
          -0.7996211051940918,
          -0.18220877647399902
        ]
      },
      "tongue_DYN" : {
        "offset" : [
          -0.00086070969700813293,
          0.68753194808959961,
          0.0002040863037109375
        ]
      }
    },
    "robot" : {
      "tongue_DYN" : {
        "offset" : [
          0.00018990039825439453,
          -0.44137930870056152,
          2.384185791015625e-05
        ]
      }
    },
    "shark" : {
      "dorsalFin_DYN" : {
        "offset" : [
          -2.0316076278686523,
          -0.020627021789550781,
          -0.0063750734552741051
        ]
      },
      "L_pectoralFin_DYN" : {
        "offset" : [
          -1.7252216339111328,
          0.013432979583740234,
          0.23827981948852539
        ]
      },
      "R_pectoralFin_DYN" : {
        "offset" : [
          1.724764347076416,
          -0.010997772216796875,
          -0.24399709701538086
        ]
      },
      "tongue_DYN" : {
        "offset" : [
          -0.00076109170913696289,
          0.7724151611328125,
          -0.00092411041259765625
        ]
      }
    },
    "skull" : {
      "jaw_DYN" : {
        "offset" : [
          0.87626552581787109,
          -0.00019466876983642578,
          2.09808349609375e-05
        ]
      },
      "tongue_DYN" : {
        "offset" : [
          -0.00024753808975219727,
          -0.61339044570922852,
          4.38690185546875e-05
        ]
      }
    },
    "unicorn" : {
      "L_ear_DYN" : {
        "offset" : [
          -0.59749698638916016,
          4.1723251342773438e-06,
          0.00087070465087890625
        ]
      },
      "R_ear_DYN" : {
        "offset" : [
          0.59705543518066406,
          0.0003910064697265625,
          0.0014367103576660156
        ]
      }
    }
  },
  "pose" : {
    "bakedAnimationBlendFactor" : 0,
    "browDown_L" : 0.80254775285720825,
    "browInnerUp" : 0.61783427000045776,
    "browOuterUp_R" : 1,
    "cheekSquint_L" : 0.1656050980091095,
    "cheekSquint_R" : 0.39171969890594482,
    "eyeBlink_L" : 0.18789805471897125,
    "eyeBlink_R" : 0.13375800848007202,
    "eyeLookIn_L" : 0.22292989492416382,
    "eyeLookOut_R" : 0.12101910263299942,
    "eyeSquint_L" : 0.37579616904258728,
    "eyeSquint_R" : 0.34713366627693176,
    "mouthDimple_R" : 0.59235668182373047,