{
  "camera" : {
    "name" : "stickerCam",
    "scene" : "../../../shared/cam.scnz"
  },
  "emoji" : "🤩",
  "identifier" : "face_with_starry_eyes",
  "options" : {
    "duration" : 1
  },
  "physicsState" : {
    "octopus" : {
      "L_tentacleA_DYN" : {
        "offset" : [
          -1.6438560485839844,
          0.096147537231445312,
          -0.4778876006603241
        ]
      },
      "L_tentacleB_DYN" : {
        "offset" : [
          -1.643885612487793,
          0.14477968215942383,
          -0.13897983729839325
        ]
      },
      "L_tentacleC_DYN" : {
        "offset" : [
          -1.6378574371337891,
          0.13643884658813477,
          0.25360015034675598
        ]
      },
      "L_tentacleD_DYN" : {
        "offset" : [
          -1.6588001251220703,
          0.069525241851806641,
          0.54600429534912109
        ]
      },
      "R_tentacleA_DYN" : {
        "offset" : [
          1.6621103286743164,
          0.054039478302001953,
          -0.50712692737579346
        ]
      },
      "R_tentacleB_DYN" : {
        "offset" : [
          1.6599540710449219,
          0.11344337463378906,
          -0.15759693086147308
        ]
      },
      "R_tentacleC_DYN" : {
        "offset" : [
          1.6572980880737305,
          0.10204601287841797,
          0.28323173522949219
        ]
      },
      "R_tentacleD_DYN" : {
        "offset" : [
          1.6707239151000977,
          0.024602413177490234,
          0.56622874736785889
        ]
      },
      "tongue_DYN" : {
        "offset" : [
          0.00057712197303771973,
          0.4965519905090332,
          0
        ]
      }
    }
  },
  "pose" : {
    "bakedAnimationBlendFactor" : 0,
    "browInnerUp" : 1,
    "browOuterUp_L" : 0.93411248922348022,
    "browOuterUp_R" : 0.8536713719367981,
    "eyeWide_L" : 0.76741957664489746,
    "eyeWide_R" : 0.6566842794418335,
    "jawOpen" : 0.90997493267059326,
    "mouthDimple_L" : 0.47382906079292297,
    "mouthDimple_R" : 0.52341580390930176,
    "mouthSmile_L" : 0.95919305086135864,
    "mouthSmile_R" : 0.88958442211151123,
    "mouthUpperUp_R" : 0.008264484815299511,
    "neckOrientation" : [
      0,
      0,
      -0.043619390577077866,
      0.99904829263687134
    ],
    "neckPosition" : [
      0,
      0,
      0
    ]
  },
  "props" : [
    {
      "image" : "../../../shared/face_with_starry_eyes/star_left.heic",
      "position" : {
        "x" : 0.10000000000000001,
        "y" : 0.13,
        "z" : 20
      },
      "scale" : 1.3
    },
    {
      "image" : "../../../shared/face_with_starry_eyes/star_right.heic",
      "position" : {
        "x" : -0.10000000000000001,
        "y" : 0.13,
        "z" : 20
      },
      "scale" : 1.3
    }
  ]
}