{
  "camera" : {
    "name" : "stickerCam",
    "scene" : "../../../shared/cam.scnz"
  },
  "emoji" : "😴",
  "identifier" : "sleeping_face",
  "options" : {
    "duration" : 1
  },
  "physicsState" : {
    "octopus" : {
      "L_tentacleA_DYN" : {
        "offset" : [
          -1.6727466583251953,
          -0.12131309509277344,
          -0.55874478816986084
        ]
      },
      "L_tentacleB_DYN" : {
        "offset" : [
          -1.7026338577270508,
          0.0077085494995117188,
          -0.89233869314193726
        ]
      },
      "L_tentacleC_DYN" : {
        "offset" : [
          -1.667790412902832,
          0.14217710494995117,
          -0.76798951625823975
        ]
      },
      "L_tentacleD_DYN" : {
        "offset" : [
          -1.6395998001098633,
          0.21855545043945312,
          -0.28840804100036621
        ]
      },
      "R_tentacleA_DYN" : {
        "offset" : [
          1.6727418899536133,
          0.12131309509277344,
          0.55874192714691162
        ]
      },
      "R_tentacleB_DYN" : {
        "offset" : [
          1.7026252746582031,
          -0.0077114105224609375,
          0.89234167337417603
        ]
      },
      "R_tentacleC_DYN" : {
        "offset" : [
          1.6677789688110352,
          -0.14217948913574219,
          0.76798510551452637
        ]
      },
      "R_tentacleD_DYN" : {
        "offset" : [
          1.6395940780639648,
          -0.21855926513671875,
          0.28840923309326172
        ]
      },
      "tongue_DYN" : {
        "offset" : [
          -2.2204460492503131e-16,
          0.49653005599975586,
          0.0011057853698730469
        ]
      }
    }
  },
  "pose" : {
    "bakedAnimationBlendFactor" : 0,
    "eyeBlink_L" : 1,
    "eyeBlink_R" : 1,
    "jawOpen" : 0.20185458660125732,
    "mouthSmile_L" : 0.19559231400489807,
    "mouthSmile_R" : 0.22038573026657104,
    "mouthStretch_L" : 0.02627808041870594,
    "neckOrientation" : [
      -0.066273912787437439,
      0,
      0,
      0.99780154228210449
    ],
    "neckPosition" : [
      0,
      0,
      0
    ]
  },
  "props" : [
    {
      "image" : "../../../shared/sleeping_face/zs.heic",
      "position" : {
        "x" : 0,
        "y" : 0.050000000000000003,
        "z" : 20
      }
    }
  ]
}