{
  "camera" : {
    "name" : "stickerCam",
    "scene" : "../../shared/cam.scnz"
  },
  "emoji" : "👊",
  "identifier" : "fist_bump",
  "options" : {
    "duration" : 1
  },
  "physicsState" : {
    "memoji" : {
      "lowerBack_DYN" : {
        "offset" : [
          -0.003673553466796875,
          0.62740850448608398,
          0.0367421954870224
        ]
      },
      "lowerBackLeft_DYN" : {
        "offset" : [
          -0.017146110534667969,
          0.47635650634765625,
          -0.58213526010513306
        ]
      },
      "lowerBackRight_DYN" : {
        "offset" : [
          -0.0196685791015625,
          0.44229316711425781,
          0.63746023178100586
        ]
      },
      "lowerFront_DYN" : {
        "offset" : [
          -0.038127899169921875,
          0.64737081527709961,
          0.04402962327003479
        ]
      },
      "lowerFrontLeft_DYN" : {
        "offset" : [
          -0.043243408203125,
          -0.41824197769165039,
          -0.6951911449432373
        ]
      },
      "lowerFrontRight_DYN" : {
        "offset" : [
          -0.04268646240234375,
          -0.46140670776367188,
          0.64077627658843994
        ]
      },
      "lowerLeft_DYN" : {
        "offset" : [
          -0.039593696594238281,
          0.056380748748779297,
          -0.89834904670715332
        ]
      },
      "lowerRight_DYN" : {
        "offset" : [
          -0.041266441345214844,
          -0.0027508735656738281,
          -0.90313965082168579
        ]
      }
    }
  },
  "pose" : {
    "bakedAnimationBlendFactor" : 0,
    "browDown_L" : 0.967551589012146,
    "browDown_R" : 0.95347434282302856,
    "browOuterUp_L" : 0.1452145129442215,
    "cheekSquint_L" : 0.23597359657287598,
    "cheekSquint_R" : 0.2326732873916626,
    "eyeLookDown_L" : 0.12459547072649002,
    "eyeLookDown_R" : 0.12621359527111053,
    "eyeLookIn_L" : 0.79646015167236328,
    "eyeLookOut_R" : 0.79351049661636353,
    "eyeSquint_L" : 0.22937291860580444,
    "eyeSquint_R" : 0.22442242503166199,
    "mouthDimple_L" : 0.41089111566543579,
    "mouthDimple_R" : 0.36303630471229553,
    "mouthLeft" : 0.26897686719894409,
    "mouthPress_L" : 0.47689765691757202,
    "mouthPress_R" : 0.45379534363746643,
    "mouthSmile_L" : 0.8478965163230896,
    "mouthSmile_R" : 0.95792871713638306,
    "mouthStretch_L" : 0.45874586701393127,
    "mouthStretch_R" : 0.47029703855514526,
    "neckOrientation" : [
      -0.045008853077888489,
      0.24868859350681305,
      0.0095814596861600876,
      0.96748971939086914
    ],
    "neckPosition" : [
      0,
      0,
      0
    ]
  },
  "props" : [
    {
      "palettes" : [
        {
          "material" : "skin_MAT",
          "palette" : "skin"
        }
      ],
      "scene" : "fist_bump.scnz"
    }
  ]
}