{
  "emoji" : "😃",
  "identifier" : "big_happy",
  "physicsState" : {
    "boar" : {
      "L_ear_DYN" : {
        "offset" : [
          -0.75958538055419922,
          -0.033794403076171875,
          0.1341097354888916
        ]
      },
      "R_ear_DYN" : {
        "offset" : [
          0.7595672607421875,
          0.034929275512695312,
          -0.13434982299804688
        ]
      },
      "tongue_DYN" : {
        "offset" : [
          0.00048243999481201172,
          0.49655294418334961,
          -0.0011682510375976562
        ]
      }
    },
    "cat" : {
      "L_ear_DYN" : {
        "offset" : [
          -0.33560371398925781,
          0.00027751922607421875,
          -9.1791152954101562e-05
        ]
      },
      "R_ear_DYN" : {
        "offset" : [
          0.33627700805664062,
          0.00047898292541503906,
          9.2744827270507812e-05
        ]
      }
    },
    "dragon" : {
      "L_mustache_DYN" : {
        "offset" : [
          -0.35227632522583008,
          0.00045871734619140625,
          9.632110595703125e-05
        ]
      },
      "L_upperTendrils_DYN" : {
        "offset" : [
          -0.49381065368652344,
          0.0002593994140625,
          0.00015687942504882812
        ]
      },
      "R_mustache_DYN" : {
        "offset" : [
          0.35258674621582031,
          0.00033473968505859375,
          -8.7738037109375e-05
        ]
      },
      "R_upperTendrils_DYN" : {
        "offset" : [
          0.49282169342041016,
          0.00064420700073242188,
          -0.00018024444580078125
        ]
      }
    },
    "memoji" : {
      "lowerBack_DYN" : {
        "offset" : [
          -0.029478073120117188,
          -0.11325597763061523,
          0.72050023078918457
        ]
      },
      "lowerBackLeft_DYN" : {
        "offset" : [
          -0.015710830688476562,
          0.27539682388305664,
          0.61863541603088379
        ]
      },
      "lowerBackRight_DYN" : {
        "offset" : [
          -0.0301361083984375,
          -0.44877862930297852,
          0.38863146305084229
        ]
      },
      "lowerFront_DYN" : {
        "offset" : [
          -0.022647857666015625,
          -0.14892387390136719,
          0.70218014717102051
        ]
      },
      "lowerFrontLeft_DYN" : {
        "offset" : [
          -0.0044202804565429688,
          0.44904470443725586,
          -0.35659462213516235
        ]
      },
      "lowerFrontRight_DYN" : {
        "offset" : [
          -0.031464576721191406,
          -0.24959802627563477,
          -0.6509861946105957
        ]
      },
      "lowerLeft_DYN" : {
        "offset" : [
          -0.0026912689208984375,
          0.4990239143371582,
          0.17717957496643066
        ]
      },
      "lowerRight_DYN" : {
        "offset" : [
          -0.026424407958984375,
          0.50850486755371094,
          0.19559849798679352
        ]
      }
    },
    "mouse" : {
      "L_ear_DYN" : {
        "offset" : [
          -0.63295364379882812,
          -0.30522441864013672,
          -0.082651853561401367
        ]
      },
      "L_whisker_DYN" : {
        "offset" : [
          -0.71939373016357422,
          0.00089693069458007812,
          9.822845458984375e-05
        ]
      },
      "R_ear_DYN" : {
        "offset" : [
          0.63281440734863281,
          0.30685520172119141,
          0.082650661468505859
        ]
      },
      "R_whisker_DYN" : {
        "offset" : [
          0.72118186950683594,
          0.00076341629028320312,
          -8.20159912109375e-05
        ]
      }
    },
    "octopus" : {
      "L_tentacleA_DYN" : {
        "offset" : [
          -1.6359291076660156,
          0.099959850311279297,
          -0.32728907465934753
        ]
      },
      "L_tentacleB_DYN" : {
        "offset" : [
          -1.64312744140625,
          0.12626457214355469,
          0.0019237063825130463
        ]
      },
      "L_tentacleC_DYN" : {
        "offset" : [
          -1.6431245803833008,
          0.10108470916748047,
          0.32527554035186768
        ]
      },
      "L_tentacleD_DYN" : {
        "offset" : [
          -1.659271240234375,
          0.029732227325439453,
          0.50847625732421875
        ]
      },
      "R_tentacleA_DYN" : {
        "offset" : [
          1.6574907302856445,
          0.022154808044433594,
          -0.48821201920509338
        ]
      },
      "R_tentacleB_DYN" : {
        "offset" : [
          1.6604080200195312,
          0.087749958038330078,
          -0.26110607385635376
        ]
      },
      "R_tentacleC_DYN" : {
        "offset" : [
          1.6531248092651367,
          0.10120725631713867,
          0.11244765669107437
        ]
      },
      "R_tentacleD_DYN" : {
        "offset" : [
          1.6636495590209961,
          0.051562786102294922,
          0.42912626266479492
        ]
      },
      "tongue_DYN" : {
        "offset" : [
          0.0004819333553314209,
          0.4965522289276123,
          0.00097942352294921875
        ]
      }
    },
    "owl" : {
      "L_hair_DYN" : {
        "offset" : [
          -1.2301368713378906,
          0.79996085166931152,
          0.17939078807830811
        ]
      },
      "R_hair_DYN" : {
        "offset" : [
          1.2288379669189453,
          -0.8010709285736084,
          -0.17935192584991455
        ]
      },
      "tongue_DYN" : {
        "offset" : [
          0.0005378182977437973,
          0.68753385543823242,
          2.86102294921875e-06
        ]
      }
    },
    "robot" : {
      "tongue_DYN" : {
        "offset" : [
          -0.0001506805419921875,
          -0.44137978553771973,
          8.869171142578125e-05
        ]
      }
    },
    "shark" : {
      "dorsalFin_DYN" : {
        "offset" : [
          -2.0319061279296875,
          -0.020473480224609375,
          0.0025029189419001341
        ]
      },
      "L_pectoralFin_DYN" : {
        "offset" : [
          -1.7245287895202637,
          0.010574817657470703,
          0.24081182479858398
        ]
      },
      "R_pectoralFin_DYN" : {
        "offset" : [
          1.7249693870544434,
          -0.013283729553222656,
          -0.24155235290527344
        ]
      },
      "tongue_DYN" : {
        "offset" : [
          0.00045996904373168945,
          0.77241373062133789,
          0.00034618377685546875
        ]
      }
    },
    "skull" : {
      "jaw_DYN" : {
        "offset" : [
          0.87626457214355469,
          0.0001316070556640625,
          3.4332275390625e-05
        ]
      },
      "tongue_DYN" : {
        "offset" : [
          0.0002307891845703125,
          -0.61338996887207031,
          0.0006656646728515625
        ]
      }
    },
    "unicorn" : {
      "L_ear_DYN" : {
        "offset" : [
          -0.59714221954345703,
          0.0002956390380859375,
          -0.0004520416259765625
        ]
      },
      "R_ear_DYN" : {
        "offset" : [
          0.59725284576416016,
          0.00076317787170410156,
          9.059906005859375e-06
        ]
      }
    }
  },
  "pose" : {
    "bakedAnimationBlendFactor" : 0,
    "browInnerUp" : 0.55732482671737671,
    "browOuterUp_L" : 0.91719722747802734,
    "browOuterUp_R" : 0.59235686063766479,
    "cheekSquint_L" : 0.70700627565383911,
    "cheekSquint_R" : 0.85987263917922974,
    "eyeLookUp_L" : 0.092356689274311066,
    "eyeLookUp_R" : 0.073248408734798431,
    "eyeSquint_L" : 0.52866238355636597,
    "eyeSquint_R" : 0.46815291047096252,
    "eyeWide_L" : 0.53184711933135986,
    "eyeWide_R" : 0.42356693744659424,
    "jawOpen" : 0.75477707386016846,
    "mouthDimple_L" : 0.64012742042541504,
    "mouthDimple_R" : 0.49363029003143311,
    "mouthLeft" : 0.10828027874231339,
    "mouthSmile_L" : 0.91719740629196167,
    "mouthSmile_R" : 0.86624181270599365,
    "mouthUpperUp_L" : 0.30027544498443604,
    "mouthUpperUp_R" : 0.3333333432674408,