{
  "camera" : {
    "name" : "stickerCam",
    "scene" : "../../shared/cam.scnz"
  },
  "emoji" : "🤔",
  "identifier" : "thinking_face",
  "options" : {
    "duration" : 1
  },
  "physicsState" : {
    "memoji" : {
      "lowerBack_DYN" : {
        "offset" : [
          -0.10943984985351562,
          0.66909646987915039,
          1.4264230728149414
        ]
      },
      "lowerBackLeft_DYN" : {
        "offset" : [
          -0.05025482177734375,
          1.1867332458496094,
          0.43191856145858765
        ]
      },
      "lowerBackRight_DYN" : {
        "offset" : [
          -0.13232231140136719,
          -0.20795297622680664,
          1.5695527791976929
        ]
      },
      "lowerFront_DYN" : {
        "offset" : [
          -0.13912582397460938,
          0.48172187805175781,
          1.5004005432128906
        ]
      },
      "lowerFrontLeft_DYN" : {
        "offset" : [
          -0.11765956878662109,
          0.40784978866577148,
          -1.5289788246154785
        ]
      },
      "lowerFrontRight_DYN" : {
        "offset" : [
          -0.12576675415039062,
          -1.2403073310852051,
          -0.54595869779586792
        ]
      },
      "lowerLeft_DYN" : {
        "offset" : [
          -0.065793037414550781,
          1.095757007598877,
          -0.7853352427482605
        ]
      },
      "lowerRight_DYN" : {
        "offset" : [
          -0.13550186157226562,
          1.0974588394165039,
          -0.97114467620849609
        ]
      }
    }
  },
  "pose" : {
    "bakedAnimationBlendFactor" : 0,
    "browDown_L" : 0.94189578294754028,
    "browOuterUp_R" : 0.96636086702346802,
    "cheekSquint_L" : 0.90519893169403076,
    "cheekSquint_R" : 0.81017959117889404,
    "eyeLookIn_L" : 0.25464192032814026,
    "eyeLookOut_R" : 0.23872673511505127,
    "eyeLookUp_L" : 0.21485410630702972,
    "eyeLookUp_R" : 0.22281165421009064,
    "eyeSquint_L" : 0.27314409613609314,
    "eyeSquint_R" : 0.26844948530197144,
    "jawLeft" : 0.19452056288719177,
    "mouthFrown_L" : 0.19178085029125214,
    "mouthLeft" : 0.22739727795124054,
    "neckOrientation" : [
      -0.03311007097363472,
      -0.13567876815795898,
      -0.084592424333095551,
      0.98657941818237305
    ],
    "neckPosition" : [
      0,
      0,
      0
    ]
  },
  "props" : [
    {
      "palettes" : [
        {
          "material" : "skin_MAT",
          "palette" : "skin"
        }
      ],
      "scene" : "thinking_face_hand.scnz"
    }
  ]
}