{
  "camera" : {
    "name" : "stickerCam",
    "scene" : "../../../shared/cam.scnz"
  },
  "emoji" : "😴",
  "identifier" : "sleeping_face",
  "options" : {
    "duration" : 1
  },
  "physicsState" : {
    "dog" : {
      "L_ear_DYN" : {
        "offset" : [
          -0.010778427124023438,
          0.0141143798828125,
          -0.51919150352478027
        ]
      },
      "R_ear_DYN" : {
        "offset" : [
          0.010776519775390625,
          -0.0141143798828125,
          0.51919150352478027
        ]
      }
    }
  },
  "pose" : {
    "bakedAnimationBlendFactor" : 0,
    "eyeBlink_L" : 1,
    "eyeBlink_R" : 1,
    "jawOpen" : 0.20185458660125732,
    "mouthSmile_L" : 0.19559231400489807,
    "mouthSmile_R" : 0.22038573026657104,
    "mouthStretch_L" : 0.02627808041870594,
    "neckOrientation" : [
      -0.066273912787437439,
      0,
      0,
      0.99780154228210449
    ],
    "neckPosition" : [
      0,
      0,
      0
    ]
  },
  "props" : [
    {
      "image" : "../../../shared/sleeping_face/zs.heic",
      "position" : 20
    }
  ]
}