{
  "camera" : {
    "name" : "stickerCam",
    "scene" : "../../../shared/cam.scnz"
  },
  "emoji" : "😅",
  "identifier" : "grinning_face_with_sweat",
  "options" : {
    "duration" : 1
  },
  "physicsState" : {
    "octopus" : {
      "L_tentacleA_DYN" : {
        "offset" : [
          -1.6385354995727539,
          -0.0010170936584472656,
          -0.0034670829772949219
        ]
      },
      "L_tentacleB_DYN" : {
        "offset" : [
          -1.6503829956054688,
          7.82012939453125e-05,
          -0.00020360946655273438
        ]
      },
      "L_tentacleC_DYN" : {
        "offset" : [
          -1.6428031921386719,
          5.7220458984375e-06,
          0.00098276138305664062
        ]
      },
      "L_tentacleD_DYN" : {
        "offset" : [
          -1.6465902328491211,
          -0.0014986991882324219,
          0.0027196407318115234
        ]
      },
      "R_tentacleA_DYN" : {
        "offset" : [
          1.6385345458984375,
          0.0010156631469726562,
          0.0034656524658203125
        ]
      },
      "R_tentacleB_DYN" : {
        "offset" : [
          1.6503772735595703,
          -8.1539154052734375e-05,
          0.00020623207092285156
        ]
      },
      "R_tentacleC_DYN" : {
        "offset" : [
          1.6427984237670898,
          -8.106231689453125e-06,
          -0.0009860992431640625
        ]
      },
      "R_tentacleD_DYN" : {
        "offset" : [
          1.6465845108032227,
          0.0014958381652832031,
          -0.0027179718017578125
        ]
      },
      "tongue_DYN" : {
        "offset" : [
          -2.2204460492503131e-16,
          0.496551513671875,
          -4.76837158203125e-07
        ]
      }
    }
  },
  "pose" : {
    "bakedAnimationBlendFactor" : 0,
    "browDown_L" : 0.68045121431350708,
    "browInnerUp" : 0.46013689041137695,
    "browOuterUp_R" : 0.72180473804473877,
    "cheekSquint_L" : 0.94896173477172852,
    "cheekSquint_R" : 0.7841566801071167,
    "eyeBlink_L" : 0.029587259516119957,
    "eyeBlink_R" : 0.070509724318981171,
    "eyeSquint_L" : 0.97040998935699463,
    "eyeSquint_R" : 0.88519221544265747,
    "jawOpen" : 0.307973712682724,
    "mouthDimple_L" : 0.95867753028869629,
    "mouthDimple_R" : 0.79614299535751343,
    "mouthSmile_L" : 0.99881953001022339,
    "mouthSmile_R" : 0.5977470874786377,
    "mouthStretch_L" : 0.15426994860172272,
    "mouthStretch_R" : 0.10468319803476334,
    "mouthUpperUp_L" : 0.29201102256774902,
    "mouthUpperUp_R" : 0.24517898261547089,
    "neckOrientation" : [
      0,
      0,
      0,
      1
    ],
    "neckPosition" : [
      0,
      0,
      0
    ]
  },
  "props" : [
    {
      "image" : "../../../shared/grinning_face_with_sweat/tear.heic",
      "position" : {
        "x" : 0.65000000000000002,
        "y" : 0.59999999999999998,
        "z" : 30
      }
    }
  ]
}