{
  "camera" : {
    "name" : "stickerCam",
    "scene" : "../../../shared/cam.scnz"
  },
  "emoji" : "🤩",
  "identifier" : "face_with_starry_eyes",
  "options" : {
    "duration" : 1
  },
  "physicsState" : {
    "dragon" : {
      "L_mustache_DYN" : {
        "offset" : [
          -0.35230302810668945,
          0.00055027008056640625,
          2.765655517578125e-05
        ]
      },
      "L_upperTendrils_DYN" : {
        "offset" : [
          -0.49395751953125,
          0.0004024505615234375,
          0.00022554397583007812
        ]
      },
      "R_mustache_DYN" : {
        "offset" : [
          0.35265970230102539,
          0.0003910064697265625,
          -2.47955322265625e-05
        ]
      },
      "R_upperTendrils_DYN" : {
        "offset" : [
          0.49273872375488281,
          0.00068235397338867188,
          -0.00025415420532226562
        ]
      }
    }
  },
  "pose" : {
    "bakedAnimationBlendFactor" : 0,
    "browInnerUp" : 1,
    "browOuterUp_L" : 0.93411248922348022,
    "browOuterUp_R" : 0.8536713719367981,
    "eyeBlink_L" : 1,
    "eyeBlink_R" : 1,
    "jawOpen" : 0.90997493267059326,
    "mouthDimple_L" : 0.47382906079292297,
    "mouthDimple_R" : 0.52341580390930176,
    "mouthSmile_L" : 0.95919305086135864,
    "mouthSmile_R" : 0.88958442211151123,
    "mouthUpperUp_R" : 0.008264484815299511,
    "neckOrientation" : [
      0,
      0,
      -0.043619390577077866,
      0.99904829263687134
    ],
    "neckPosition" : [
      0,
      0,
      0
    ]
  },
  "props" : [
    {
      "image" : "../../../shared/face_with_starry_eyes/star_left.heic",
      "position" : {
        "x" : 0.029000000000000001,
        "y" : 0.080000000000000002,
        "z" : 25
      },
      "scale" : 1.3999999999999999
    },
    {
      "image" : "../../../shared/face_with_starry_eyes/star_right.heic",
      "position" : {
        "x" : -0.040000000000000001,
        "y" : 0.095000000000000001,
        "z" : 25
      },
      "scale" : 1.3999999999999999
    }
  ]
}