{
  "camera" : {
    "name" : "stickerCam",
    "scene" : "cam.scnz"
  },
  "emoji" : "😉",
  "identifier" : "winking_face",
  "options" : {
    "duration" : 1
  },
  "physicsState" : {
    "dragon" : {
      "L_mustache_DYN" : {
        "offset" : [
          -0.3526153564453125,
          0.0004901885986328125,
          -0.0006084442138671875
        ]
      },
      "L_upperTendrils_DYN" : {
        "offset" : [
          -0.50103950500488281,
          0.00024127960205078125,
          -0.00041294097900390625
        ]
      },
      "R_mustache_DYN" : {
        "offset" : [
          0.35165882110595703,
          0.0001239776611328125,
          -0.001003265380859375
        ]
      },
      "R_upperTendrils_DYN" : {
        "offset" : [
          0.49461650848388672,
          0.00066232681274414062,
          -0.0014986991882324219
        ]
      }
    }
  },
  "pose" : {
    "bakedAnimationBlendFactor" : 0,
    "browDown_L" : 1,
    "browInnerUp" : 0.1334858238697052,
    "browOuterUp_R" : 0.39944911003112793,
    "cheekSquint_L" : 1,
    "cheekSquint_R" : 0.26446273922920227,
    "eyeBlink_L" : 1,
    "eyeBlink_R" : 0.077465243637561798,
    "eyeLookDown_L" : 0.060606066137552261,
    "eyeLookDown_R" : 0.063360877335071564,
    "eyeLookIn_R" : 0.39362576603889465,
    "eyeLookOut_L" : 0.27766913175582886,
    "eyeSquint_L" : 0.96108216047286987,
    "eyeSquint_R" : 0.22865022718906403,
    "jawOpen" : 0.45730021595954895,
    "mouthDimple_L" : 0.96969687938690186,
    "mouthDimple_R" : 0.61707991361618042,
    "mouthLeft" : 0.34999999403953552,
    "mouthSmile_L" : 1,
    "mouthSmile_R" : 0.66150742769241333,
    "neckOrientation" : [
      -0.022540057078003883,
      -0.23259903490543365,
      -0.093722425401210785,
      0.96778392791748047
    ],
    "neckPosition" : [
      0,
      0,
      0
    ],
    "noseSneer_L" : 0.21253287792205811
  },
  "props" : [

  ]
}