{
  "camera" : {
    "name" : "stickerCam",
    "scene" : "../../../shared/cam.scnz"
  },
  "emoji" : "😘",
  "identifier" : "face_blowing_a_kiss",
  "options" : {
    "duration" : 1
  },
  "physicsState" : {
    "octopus" : {
      "L_tentacleA_DYN" : {
        "offset" : [
          -1.6451044082641602,
          -0.071492195129394531,
          -0.01940096914768219
        ]
      },
      "L_tentacleB_DYN" : {
        "offset" : [
          -1.6587934494018555,
          -0.0480499267578125,
          -0.23959299921989441
        ]
      },
      "L_tentacleC_DYN" : {
        "offset" : [
          -1.6472740173339844,
          0.0014138221740722656,
          -0.33397305011749268
        ]
      },
      "L_tentacleD_DYN" : {
        "offset" : [
          -1.6499290466308594,
          0.050778865814208984,
          -0.25735163688659668
        ]
      },
      "R_tentacleA_DYN" : {
        "offset" : [
          1.6478910446166992,
          0.024059295654296875,
          0.314767986536026
        ]
      },
      "R_tentacleB_DYN" : {
        "offset" : [
          1.6542091369628906,
          -0.030245304107666016,
          0.31719085574150085
        ]
      },
      "R_tentacleC_DYN" : {
        "offset" : [
          1.6406011581420898,
          -0.070178985595703125,
          0.17013226449489594
        ]
      },
      "R_tentacleD_DYN" : {
        "offset" : [
          1.6389169692993164,
          -0.076999664306640625,
          -0.064801305532455444
        ]
      },
      "tongue_DYN" : {
        "offset" : [
          -0.00018481910228729248,
          0.49655246734619141,
          -1.2874603271484375e-05
        ]
      }
    }
  },
  "pose" : {
    "bakedAnimationBlendFactor" : 0,
    "browDown_L" : 0.96748602390289307,
    "browInnerUp" : 0.6714857816696167,
    "browOuterUp_R" : 0.90320849418640137,
    "cheekSquint_L" : 1,
    "cheekSquint_R" : 0.26446273922920227,
    "eyeBlink_L" : 1,
    "eyeBlink_R" : 0.13530918955802917,
    "eyeLookDown_L" : 0.10000000149011612,
    "eyeLookDown_R" : 0.10000000149011612,
    "eyeSquint_L" : 0.96108216047286987,
    "eyeSquint_R" : 0.46925169229507446,
    "mouthLeft" : 0.86296528577804565,
    "mouthPucker" : 0.87165772914886475,
    "mouthSmile_L" : 0.30000001192092896,
    "mouthSmile_R" : 0.20000000298023224,
    "neckOrientation" : [
      -0.020657248795032501,
      0.024749923497438431,
      0.013387914746999741,
      0.99939066171646118
    ],
    "neckPosition" : [
      0,
      0,
      0
    ]
  },
  "props" : [
    {
      "image" : "../../../shared/face_blowing_a_kiss/heart.heic",
      "position" : {
        "x" : 0.029999999999999999,
        "y" : -0.050000000000000003,
        "z" : 15
      },
      "scale" : 0.75
    }
  ]
}