{
  "camera" : {
    "name" : "stickerCam",
    "scene" : "../../../shared/cam.scnz"
  },
  "emoji" : "😀",
  "identifier" : "smiling_face_with_open_mouth_and_smiling_eyes",
  "options" : {
    "duration" : 1
  },
  "physicsState" : {
    "cat" : {
      "L_ear_DYN" : {
        "offset" : [
          -0.33560943603515625,
          0.00029277801513671875,
          -5.4836273193359375e-06
        ]
      },
      "R_ear_DYN" : {
        "offset" : [
          0.33631134033203125,
          0.00050067901611328125,
          3.337860107421875e-06
        ]
      }
    },
    "dragon" : {
      "L_mustache_DYN" : {
        "offset" : [
          -0.35230636596679688,
          0.00049304962158203125,
          3.147125244140625e-05
        ]
      },
      "L_upperTendrils_DYN" : {
        "offset" : [
          -0.49385261535644531,
          0.0003337860107421875,
          0.00022983551025390625
        ]
      },
      "R_mustache_DYN" : {
        "offset" : [
          0.35261774063110352,
          0.00033473968505859375,
          -2.384185791015625e-05
        ]
      },
      "R_upperTendrils_DYN" : {
        "offset" : [
          0.49279117584228516,
          0.00061273574829101562,
          -0.00025463104248046875
        ]
      }
    },
    "mouse" : {
      "L_ear_DYN" : {
        "offset" : [
          -0.63299465179443359,
          -0.30517864227294922,
          -0.082562744617462158
        ]
      },
      "L_whisker_DYN" : {
        "offset" : [
          -0.71935510635375977,
          0.0009517669677734375,
          1.52587890625e-05
        ]
      },
      "R_ear_DYN" : {
        "offset" : [
          0.632843017578125,
          0.30687904357910156,
          0.082556188106536865
        ]
      },
      "R_whisker_DYN" : {
        "offset" : [
          0.721221923828125,
          0.00078487396240234375,
          -5.7220458984375e-06
        ]
      }
    },
    "octopus" : {
      "L_tentacleA_DYN" : {
        "offset" : [
          -1.6417322158813477,
          0.081470489501953125,
          -0.41920530796051025
        ]
      },
      "L_tentacleB_DYN" : {
        "offset" : [
          -1.6445369720458984,
          0.12483692169189453,
          -0.12214308977127075
        ]
      },
      "L_tentacleC_DYN" : {
        "offset" : [
          -1.6380186080932617,
          0.11736011505126953,
          0.22285124659538269
        ]
      },
      "L_tentacleD_DYN" : {
        "offset" : [
          -1.6553611755371094,
          0.057912826538085938,
          0.47808849811553955
        ]
      },
      "R_tentacleA_DYN" : {
        "offset" : [
          1.6572961807250977,
          0.049948215484619141,
          -0.43980115652084351
        ]
      },
      "R_tentacleB_DYN" : {
        "offset" : [
          1.6585502624511719,
          0.10103988647460938,
          -0.13618290424346924
        ]
      },
      "R_tentacleC_DYN" : {
        "offset" : [
          1.6548299789428711,
          0.091258525848388672,
          0.2448890209197998
        ]
      },
      "R_tentacleD_DYN" : {
        "offset" : [
          1.6654548645019531,
          0.024466991424560547,
          0.4921954870223999
        ]
      },
      "tongue_DYN" : {
        "offset" : [
          0.00050458312034606934,
          0.4965519905090332,
          -4.76837158203125e-07
        ]
      }
    },
    "owl" : {
      "L_hair_DYN" : {
        "offset" : [
          -1.2301979064941406,
          0.79987120628356934,
          0.17940950393676758
        ]
      },
      "R_hair_DYN" : {
        "offset" : [
          1.2288417816162109,
          -0.8010706901550293,
          -0.17922210693359375
        ]
      },
      "tongue_DYN" : {
        "offset" : [
          0.0005628783255815506,
          0.68753290176391602,
          9.5367431640625e-07
        ]
      }
    },
    "robot" : {
      "tongue_DYN" : {
        "offset" : [
          -0.0001576542854309082,
          -0.44137883186340332,
          -2.86102294921875e-06
        ]
      }
    },
    "shark" : {
      "dorsalFin_DYN" : {
        "offset" : [
          -2.0314884185791016,
          -0.021031379699707031,
          0.0026469833683222532
        ]
      },
      "L_pectoralFin_DYN" : {
        "offset" : [
          -1.7245011329650879,
          0.010251998901367188,
          0.24099397659301758
        ]
      },
      "R_pectoralFin_DYN" : {
        "offset" : [
          1.7249507904052734,
          -0.01308441162109375,
          -0.24176740646362305
        ]
      },
      "tongue_DYN" : {
        "offset" : [
          0.0004819035530090332,
          0.77241420745849609,
          9.5367431640625e-07
        ]
      }
    },
    "skull" : {
      "jaw_DYN" : {
        "offset" : [
          0.87626791000366211,
          0.00013792514801025391,
          1.9073486328125e-06
        ]
      },
      "tongue_DYN" : {
        "offset" : [
          0.00024187564849853516,
          -0.6133880615234375,
          -2.86102294921875e-06
        ]
      }
    }
  },
  "pose" : {
    "bakedAnimationBlendFactor" : 0,
    "browInnerUp" : 0.55496221780776978,
    "browOuterUp_L" : 0.90387976169586182,
    "browOuterUp_R" : 0.55428898334503174,
    "cheekSquint_L" : 0.78787875175476074,
    "cheekSquint_R" : 0.81746035814285278,
    "eyeSquint_L" : 0.92460793256759644,
    "eyeSquint_R" : 0.92998617887496948,
    "eyeWide_L" : 0.50208783149719238,
    "eyeWide_R" : 0.39266195893287659,
    "jawLeft" : 0.11330049484968185,
    "jawOpen" : 0.63781076669692993,
    "mouthDimple_L" : 0.59414553642272949,
    "mouthDimple_R" : 0.46116766333580017,
    "mouthSmile_L" : 0.99881953001022339,
    "mouthSmile_R" : 0.93660759925842285,
    "mouthStretch_L" : 0.15426994860172272,
    "mouthStretch_R" : 0.10468319803476334,
    "mouthUpperUp_L" : 0.29201102256774902,
    "mouthUpperUp_R" : 0.24517898261547089,
    "neckOrientation" : [
      0,
      0,
      -0.038037147372961044,
      0.99927628040313721
    ],
    "neckPosition" : [
      0,
      0,
      0
    ]
  },
  "props" : [

  ]
}