{
  "camera" : {
    "name" : "stickerCam",
    "scene" : "../../shared/cam.scnz"
  },
  "emoji" : "😉",
  "identifier" : "winking_face",
  "options" : {
    "duration" : 1
  },
  "physicsState" : {
    "memoji" : {
      "lowerBack_DYN" : {
        "offset" : [
          -0.12116813659667969,
          0.24616289138793945,
          1.5593365430831909
        ]
      },
      "lowerBackLeft_DYN" : {
        "offset" : [
          -0.071836471557617188,
          0.99896669387817383,
          0.97019481658935547
        ]
      },
      "lowerBackRight_DYN" : {
        "offset" : [
          -0.14498043060302734,
          -0.66041660308837891,
          1.433438777923584
        ]
      },
      "lowerFront_DYN" : {
        "offset" : [
          -0.12824916839599609,
          0.046809196472167969,
          1.5781327486038208
        ]
      },
      "lowerFrontLeft_DYN" : {
        "offset" : [
          -0.096095085144042969,
          0.80336713790893555,
          -1.2933404445648193
        ]
      },
      "lowerFrontRight_DYN" : {
        "offset" : [
          -0.14374732971191406,
          -0.96278095245361328,
          -1.1743731498718262
        ]
      },
      "lowerLeft_DYN" : {
        "offset" : [
          -0.046946525573730469,
          1.1993398666381836,
          -0.20739331841468811
        ]
      },
      "lowerRight_DYN" : {
        "offset" : [
          -0.11351966857910156,
          1.2685303688049316,
          -0.26227620244026184
        ]
      }
    }
  },
  "pose" : {
    "bakedAnimationBlendFactor" : 0,
    "browDown_L" : 0.78062677383422852,
    "browInnerUp" : 0.1334858238697052,
    "browOuterUp_R" : 0.39944911003112793,
    "cheekSquint_L" : 0.80056971311569214,
    "cheekSquint_R" : 0.26446273922920227,
    "eyeBlink_L" : 1,
    "eyeBlink_R" : 0.077465243637561798,
    "eyeLookDown_L" : 0.060606066137552261,
    "eyeLookDown_R" : 0.063360877335071564,
    "eyeLookIn_R" : 0.15977963805198669,
    "eyeLookOut_L" : 0.15151515603065491,
    "eyeSquint_L" : 0.78729301691055298,
    "eyeSquint_R" : 0.22865022718906403,
    "jawOpen" : 0.45730021595954895,
    "mouthDimple_L" : 0.96969687938690186,
    "mouthDimple_R" : 0.61707991361618042,
    "mouthLeft" : 0.34999999403953552,
    "mouthSmile_L" : 1,
    "mouthSmile_R" : 0.66150742769241333,
    "neckOrientation" : [
      -0.0059038698673248291,
      -0.065676122903823853,
      -0.089337810873985291,
      0.99381619691848755
    ],
    "neckPosition" : [
      0,
      0,
      0
    ],
    "noseSneer_L" : 0.21253287792205811
  },
  "props" : [

  ]
}