{
  "camera" : {
    "name" : "stickerCam",
    "scene" : "../../shared/cam.scnz"
  },
  "emoji" : "😡",
  "identifier" : "pouting_face",
  "options" : {
    "duration" : 1
  },
  "physicsState" : {
    "memoji" : {
      "lowerBack_DYN" : {
        "offset" : [
          -0.15428924560546875,
          -1.3980569839477539,
          -0.6323697566986084
        ]
      },
      "lowerBackLeft_DYN" : {
        "offset" : [
          -0.16328716278076172,
          -1.154390811920166,
          1.0418276786804199
        ]
      },
      "lowerBackRight_DYN" : {
        "offset" : [
          -0.15545749664306641,
          -0.46399927139282227,
          -1.5140719413757324
        ]
      },
      "lowerFront_DYN" : {
        "offset" : [
          -0.081216812133789062,
          -1.4120492935180664,
          -0.50934308767318726
        ]
      },
      "lowerFrontLeft_DYN" : {
        "offset" : [
          -0.098301887512207031,
          0.69091606140136719,
          1.4262959957122803
        ]
      },
      "lowerFrontRight_DYN" : {
        "offset" : [
          -0.087834358215332031,
          1.279301643371582,
          -0.89237970113754272
        ]
      },
      "lowerLeft_DYN" : {
        "offset" : [
          -0.13741970062255859,
          -0.19177532196044922,
          1.5937238931655884
        ]
      },
      "lowerRight_DYN" : {
        "offset" : [
          -0.11807823181152344,
          -0.43588018417358398,
          1.5440757274627686
        ]
      }
    }
  },
  "pose" : {
    "bakedAnimationBlendFactor" : 0,
    "browDown_L" : 0.97962957620620728,
    "browDown_R" : 0.85370367765426636,
    "browOuterUp_L" : 0.30973455309867859,
    "browOuterUp_R" : 0.26548671722412109,
    "cheekSquint_L" : 0.37962967157363892,
    "cheekSquint_R" : 0.60555529594421387,
    "eyeBlink_L" : 0.23703703284263611,
    "eyeBlink_R" : 0.22222216427326202,
    "eyeLookIn_L" : 0.059259265661239624,
    "eyeLookOut_R" : 0.02777777798473835,
    "eyeLookUp_L" : 0.22407414019107819,
    "eyeLookUp_R" : 0.21666665375232697,
    "eyeSquint_L" : 0.62962967157363892,
    "eyeSquint_R" : 0.67222213745117188,
    "jawOpen" : 0.038888916373252869,
    "mouthFrown_L" : 0.43703699111938477,
    "mouthFrown_R" : 0.4851851761341095,
    "mouthLeft" : 0.26666665077209473,
    "mouthLowerDown_L" : 0.21296295523643494,
    "mouthLowerDown_R" : 0.12407407909631729,
    "mouthPress_L" : 0.49444445967674255,
    "mouthPress_R" : 0.087037034332752228,
    "mouthStretch_L" : 0.2666667103767395,
    "mouthStretch_R" : 0.14074073731899261,
    "mouthUpperUp_L" : 0.39074069261550903,
    "mouthUpperUp_R" : 0.37962967157363892,
    "neckOrientation" : [
      0.10613918304443359,
      0.040811803191900253,
      0.025458009913563728,
      0.99318712949752808
    ],
    "neckPosition" : [
      0,
      0,
      0
    ],
    "noseSneer_L" : 0.70925915241241455,
    "noseSneer_R" : 0.83333325386047363
  }
}