{
  "camera" : {
    "name" : "stickerCam",
    "scene" : "cam.scnz"
  },
  "emoji" : "😘",
  "identifier" : "face_blowing_a_kiss",
  "options" : {
    "duration" : 1
  },
  "physicsState" : {
    "dragon" : {
      "L_mustache_DYN" : {
        "offset" : [
          -0.35201454162597656,
          0.00011348724365234375,
          0.00069713592529296875
        ]
      },
      "L_upperTendrils_DYN" : {
        "offset" : [
          -0.49263095855712891,
          -0.00042581558227539062,
          0.0014410018920898438
        ]
      },
      "R_mustache_DYN" : {
        "offset" : [
          0.35268497467041016,
          -0.0001277923583984375,
          0.00085735321044921875
        ]
      },
      "R_upperTendrils_DYN" : {
        "offset" : [
          0.49547386169433594,
          -0.00047206878662109375,
          0.00069570541381835938
        ]
      }
    }
  },
  "pose" : {
    "bakedAnimationBlendFactor" : 0,
    "browDown_L" : 0.96748602390289307,
    "browInnerUp" : 0.6714857816696167,
    "browOuterUp_R" : 0.90320849418640137,
    "cheekSquint_L" : 1,
    "cheekSquint_R" : 0.26446273922920227,
    "eyeBlink_L" : 1,
    "eyeBlink_R" : 0.13530918955802917,
    "eyeLookDown_L" : 0.10000000149011612,
    "eyeLookDown_R" : 0.10000000149011612,
    "eyeLookIn_L" : 0.20000000298023224,
    "eyeLookOut_R" : 0.20000000298023224,
    "eyeSquint_L" : 0.96108216047286987,
    "eyeSquint_R" : 0.46925169229507446,
    "mouthLeft" : 0.86296528577804565,
    "mouthPucker" : 0.87165772914886475,
    "mouthSmile_L" : 0.30000001192092896,
    "mouthSmile_R" : 0.20000000298023224,
    "neckOrientation" : [
      -0.021523525938391685,
      0.099331587553024292,
      0.014845361933112144,
      0.99471086263656616
    ],
    "neckPosition" : [
      0,
      0,
      0
    ]
  },
  "props" : [
    {
      "image" : "../../../shared/face_blowing_a_kiss/heart.heic",
      "position" : {
        "x" : 0.14999999999999999,
        "y" : -0.23000000000000001,
        "z" : 20
      }
    }
  ]
}