{
  "camera" : {
    "name" : "stickerCam",
    "scene" : "../../shared/cam.scnz"
  },
  "emoji" : "😀",
  "identifier" : "smiling_face_with_open_mouth_and_smiling_eyes",
  "options" : {
    "duration" : 1
  },
  "physicsState" : {
    "memoji" : {
      "lowerBack_DYN" : {
        "offset" : [
          -0.027589797973632812,
          0.020039558410644531,
          0.74443221092224121
        ]
      },
      "lowerBackLeft_DYN" : {
        "offset" : [
          -0.010036468505859375,
          0.37895059585571289,
          0.50847536325454712
        ]
      },
      "lowerBackRight_DYN" : {
        "offset" : [
          -0.031902313232421875,
          -0.36555767059326172,
          0.54640120267868042
        ]
      },
      "lowerFront_DYN" : {
        "offset" : [
          -0.027590751647949219,
          -0.020038127899169922,
          0.74443221092224121
        ]
      },
      "lowerFrontLeft_DYN" : {
        "offset" : [
          -0.010036468505859375,
          0.37895059585571289,
          -0.50847536325454712
        ]
      },
      "lowerFrontRight_DYN" : {
        "offset" : [
          -0.031902313232421875,
          -0.36555767059326172,
          -0.54640120267868042
        ]
      },
      "lowerLeft_DYN" : {
        "offset" : [
          -0.0017261505126953125,
          0.52092504501342773,
          -1.1012952973610962e-16
        ]
      },
      "lowerRight_DYN" : {
        "offset" : [
          -0.026399612426757812,
          0.5340723991394043,
          1.2450749049927774e-16
        ]
      }
    }
  },
  "pose" : {
    "bakedAnimationBlendFactor" : 0,
    "browInnerUp" : 0.57516485452651978,
    "browOuterUp_L" : 0.90387976169586182,
    "browOuterUp_R" : 0.55428898334503174,
    "cheekSquint_L" : 0.78787875175476074,
    "cheekSquint_R" : 0.81746035814285278,
    "eyeSquint_L" : 0.92460793256759644,
    "eyeSquint_R" : 0.92998617887496948,
    "eyeWide_L" : 0.45255476236343384,
    "eyeWide_R" : 0.470802903175354,
    "jawLeft" : 0.11330049484968185,
    "jawOpen" : 0.61650669574737549,
    "mouthDimple_L" : 0.59414553642272949,
    "mouthDimple_R" : 0.46116766333580017,
    "mouthSmile_L" : 1,
    "mouthSmile_R" : 1,
    "mouthStretch_L" : 0.15426994860172272,
    "mouthStretch_R" : 0.10468319803476334,
    "mouthUpperUp_L" : 0.29201102256774902,
    "mouthUpperUp_R" : 0.24517898261547089,
    "neckOrientation" : [
      0,
      0,
      -0.038037147372961044,
      0.99927628040313721
    ],
    "neckPosition" : [
      0,
      0,
      0
    ]
  },
  "props" : [

  ]
}