{
  "camera" : {
    "name" : "stickerCam",
    "scene" : "../../../shared/cam.scnz"
  },
  "emoji" : "🤩",
  "identifier" : "face_with_starry_eyes",
  "options" : {
    "duration" : 1
  },
  "physicsState" : {
    "shark" : {
      "dorsalFin_DYN" : {
        "offset" : [
          -2.03143310546875,
          -0.021014213562011719,
          0.0030342347454279661
        ]
      },
      "L_pectoralFin_DYN" : {
        "offset" : [
          -1.7244706153869629,
          0.010061740875244141,
          0.24094486236572266
        ]
      },
      "R_pectoralFin_DYN" : {
        "offset" : [
          1.7250118255615234,
          -0.013270854949951172,
          -0.24183034896850586
        ]
      },
      "tongue_DYN" : {
        "offset" : [
          0.00055211782455444336,
          0.77241396903991699,
          -3.814697265625e-06
        ]
      }
    }
  },
  "pose" : {
    "bakedAnimationBlendFactor" : 0,
    "browInnerUp" : 1,
    "browOuterUp_L" : 0.93411248922348022,
    "browOuterUp_R" : 0.8536713719367981,
    "eyeWide_L" : 0.76741957664489746,
    "eyeWide_R" : 0.6566842794418335,
    "jawOpen" : 0.90997493267059326,
    "mouthDimple_L" : 0.47382906079292297,
    "mouthDimple_R" : 0.52341580390930176,
    "mouthSmile_L" : 0.95919305086135864,
    "mouthSmile_R" : 0.88958442211151123,
    "mouthUpperUp_R" : 0.008264484815299511,
    "neckOrientation" : [
      0,
      0,
      -0.043619390577077866,
      0.99904829263687134
    ],
    "neckPosition" : [
      0,
      0,
      0
    ]
  },
  "props" : [
    {
      "image" : "../../../shared/face_with_starry_eyes/star_left.heic",
      "position" : {
        "x" : -0.029999999999999999,
        "y" : 0.22,
        "z" : 30
      },
      "scale" : 1.3
    },
    {
      "image" : "../../../shared/face_with_starry_eyes/star_right.heic",
      "position" : {
        "x" : -0.02,
        "y" : 0.22,
        "z" : 30
      },
      "scale" : 1.3
    }
  ]
}