{
  "camera" : {
    "name" : "stickerCam",
    "scene" : "../../../shared/cam.scnz"
  },
  "emoji" : "😢",
  "identifier" : "crying_face",
  "options" : {
    "duration" : 1
  },
  "physicsState" : {
    "mouse" : {
      "L_ear_DYN" : {
        "offset" : [
          -0.63300609588623047,
          -0.30745887756347656,
          -0.082514107227325439
        ]
      },
      "L_whisker_DYN" : {
        "offset" : [
          -0.72165966033935547,
          -0.0012750625610351562,
          1.1444091796875e-05
        ]
      },
      "R_ear_DYN" : {
        "offset" : [
          0.63324928283691406,
          0.30476474761962891,
          0.082597970962524414
        ]
      },
      "R_whisker_DYN" : {
        "offset" : [
          0.71878623962402344,
          -0.0014696121215820312,
          -2.574920654296875e-05
        ]
      }
    }
  },
  "pose" : {
    "bakedAnimationBlendFactor" : 0,
    "browDown_L" : 0.88209950923919678,
    "browDown_R" : 0.84350460767745972,
    "browInnerUp" : 0.94429868459701538,
    "cheekPuff" : 0.12121210247278214,
    "cheekSquint_L" : 0.2837468683719635,
    "cheekSquint_R" : 0.22865039110183716,
    "eyeLookDown_L" : 0.085399441421031952,
    "eyeLookDown_R" : 0.074380174279212952,
    "eyeSquint_L" : 0.45801553130149841,
    "eyeSquint_R" : 0.4087696373462677,
    "jawOpen" : 0.059594649821519852,
    "mouthDimple_L" : 0.16528920829296112,
    "mouthDimple_R" : 0.21212121844291687,
    "mouthFrown_L" : 0.4250946044921875,
    "mouthFrown_R" : 0.3725435733795166,
    "mouthLeft" : 0.093663915991783142,
    "mouthPress_L" : 0.18457300961017609,
    "mouthPress_R" : 0.27823710441589355,
    "mouthShrugLower" : 0.49311277270317078,
    "mouthShrugUpper" : 0.49035823345184326,
    "mouthStretch_L" : 0.80991733074188232,
    "mouthStretch_R" : 0.68595039844512939,
    "neckOrientation" : [
      0,
      0,
      0.061048541218042374,
      0.9981347918510437
    ],
    "neckPosition" : [
      0,
      0,
      0
    ]
  },
  "props" : [
    {
      "image" : "../../../shared/crying_face/crying_tear.heic",
      "position" : {
        "x" : 0.10000000000000001,
        "y" : -0.089999999999999997,
        "z" : 18
      },
      "renderLast" : false
    }
  ]
}