{
  "camera" : {
    "name" : "stickerCam",
    "scene" : "../../../shared/cam.scnz"
  },
  "emoji" : "😡",
  "identifier" : "pouting_face",
  "options" : {
    "duration" : 1
  },
  "physicsState" : {
    "cat" : {
      "L_ear_DYN" : {
        "offset" : [
          -0.3358001708984375,
          -0.00028896331787109375,
          -0.00071859359741210938
        ]
      },
      "R_ear_DYN" : {
        "offset" : [
          0.33523368835449219,
          -0.00012159347534179688,
          0.00095987319946289062
        ]
      }
    },
    "dog" : {
      "L_ear_DYN" : {
        "offset" : [
          -0.031390190124511719,
          -0.17543792724609375,
          0.82715177536010742
        ]
      },
      "R_ear_DYN" : {
        "offset" : [
          0.027012825012207031,
          -0.24935722351074219,
          -0.8160099983215332
        ]
      }
    },
    "dragon" : {
      "L_mustache_DYN" : {
        "offset" : [
          -0.35207176208496094,
          -0.000286102294921875,
          0.000919342041015625
        ]
      },
      "L_upperTendrils_DYN" : {
        "offset" : [
          -0.49297142028808594,
          -0.0011191368103027344,
          -2.002716064453125e-05
        ]
      },
      "R_mustache_DYN" : {
        "offset" : [
          0.35221242904663086,
          -7.534027099609375e-05,
          -0.00041866302490234375
        ]
      },
      "R_upperTendrils_DYN" : {
        "offset" : [
          0.49471092224121094,
          0.00031280517578125,
          0.00092172622680664062
        ]
      }
    },
    "lion" : {
      "bottomMane_DYN" : {
        "offset" : [
          -0.019896507263183594,
          -0.17486032843589783,
          0.6163330078125
        ]
      },
      "L_lowerMane_DYN" : {
        "offset" : [
          -0.024373054504394531,
          -0.15546226501464844,
          0.61926484107971191
        ]
      },
      "R_lowerMane_DYN" : {
        "offset" : [
          0.023867607116699219,
          -0.18544197082519531,
          -0.61401557922363281
        ]
      }
    },
    "mouse" : {
      "L_ear_DYN" : {
        "offset" : [
          -0.63242626190185547,
          -0.30658912658691406,
          -0.083531379699707031
        ]
      },
      "L_whisker_DYN" : {
        "offset" : [
          -0.72039222717285156,
          -0.00055789947509765625,
          0.0016679763793945312
        ]
      },
      "R_ear_DYN" : {
        "offset" : [
          0.63211441040039062,
          0.305267333984375,
          0.084592223167419434
        ]
      },
      "R_whisker_DYN" : {
        "offset" : [
          0.71989250183105469,
          -0.000457763671875,
          -2.384185791015625e-05
        ]
      }
    },
    "octopus" : {
      "L_tentacleA_DYN" : {
        "offset" : [
          -1.6835298538208008,
          0.32331991195678711,
          1.0176578760147095
        ]
      },
      "L_tentacleB_DYN" : {
        "offset" : [
          -1.7505130767822266,
          0.13225746154785156,
          1.3082939386367798
        ]
      },
      "L_tentacleC_DYN" : {
        "offset" : [
          -1.7509689331054688,
          -0.077228069305419922,
          1.2265539169311523
        ]
      },
      "L_tentacleD_DYN" : {
        "offset" : [
          -1.6716785430908203,
          -0.21168661117553711,
          0.15785260498523712
        ]
      },
      "R_tentacleA_DYN" : {
        "offset" : [
          1.6295309066772461,
          -0.3948054313659668,
          -0.40249595046043396
        ]
      },
      "R_tentacleB_DYN" : {
        "offset" : [
          1.7147750854492188,
          -0.29531955718994141,
          -1.1684567928314209
        ]
      },
      "R_tentacleC_DYN" : {
        "offset" : [
          1.7597770690917969,
          -0.087262153625488281,
          -1.3160356283187866
        ]
      },
      "R_tentacleD_DYN" : {
        "offset" : [
          1.7260990142822266,
          0.12773466110229492,
          -1.0227093696594238
        ]
      },
      "tongue_DYN" : {
        "offset" : [
          -0.0004062354564666748,
          0.49653911590576172,
          0.0016579627990722656
        ]
      }
    },
    "owl" : {
      "L_hair_DYN" : {
        "offset" : [
          -1.2285747528076172,
          0.80102801322937012,
          0.17860507965087891
        ]
      },
      "R_hair_DYN" : {
        "offset" : [
          1.2294998168945312,
          -0.80089950561523438,
          -0.18014609813690186
        ]
      },
      "tongue_DYN" : {
        "offset" : [
          -0.00030305236577987671,
          0.68753242492675781,
          -2.384185791015625e-05
        ]
      }
    },
    "skull" : {
      "jaw_DYN" : {
        "offset" : [
          0.87620925903320312,
          -0.00011688470840454102,
          0.00040578842163085938
        ]
      },
      "tongue_DYN" : {
        "offset" : [
          -0.00013527274131774902,
          -0.6133875846862793,
          -2.765655517578125e-05
        ]
      }
    }
  },
  "pose" : {
    "bakedAnimationBlendFactor" : 0,
    "browDown_L" : 0.97962957620620728,
    "browDown_R" : 0.85370367765426636,
    "cheekSquint_L" : 0.37962967157363892,
    "cheekSquint_R" : 0.60555529594421387,
    "eyeBlink_L" : 0.23703703284263611,
    "eyeBlink_R" : 0.22222216427326202,
    "eyeLookIn_L" : 0.059259265661239624,
    "eyeLookOut_R" : 0.02777777798473835,
    "eyeLookUp_L" : 0.22407414019107819,
    "eyeLookUp_R" : 0.21666665375232697,
    "eyeSquint_L" : 0.62962967157363892,
    "eyeSquint_R" : 0.67222213745117188,
    "jawOpen" : 0.038888916373252869,
    "mouthFrown_L" : 0.43703699111938477,
    "mouthFrown_R" : 0.4851851761341095,
    "mouthLeft" : 0.26666665077209473,
    "mouthLowerDown_L" : 0.21296295523643494,
    "mouthLowerDown_R" : 0.12407407909631729,
    "mouthPress_L" : 0.49444445967674255,
    "mouthPress_R" : 0.087037034332752228,
    "mouthStretch_L" : 0.2666667103767395,
    "mouthStretch_R" : 0.14074073731899261,
    "mouthUpperUp_L" : 0.39074069261550903,
    "mouthUpperUp_R" : 0.37962967157363892,
    "neckOrientation" : [
      0.10613918304443359,
      0.040811803191900253,
      0.025458009913563728,
      0.99318712949752808
    ],
    "neckPosition" : [
      0,
      0,
      0
    ],
    "noseSneer_L" : 0.70925915241241455,
    "noseSneer_R" : 0.83333325386047363
  }
}